image_id,coarse_label
0,15
1,19
2,0
3,8
4,3
5,2
6,8
7,3
8,15
9,9
10,18
11,17
12,7
13,12
14,13
15,13
16,15
17,7
18,9
19,1
20,13
21,10
22,7
23,8
24,14
25,0
26,6
27,14
28,7
29,0
30,12
31,8
32,8
33,11
34,13
35,10
36,2
37,0
38,0
39,18
40,8
41,8
42,14
43,19
44,10
45,12
46,19
47,18
48,19
49,19
50,12
51,17
52,11
53,19
54,18
55,7
56,18
57,0
58,14
59,5
60,11
61,9
62,7
63,18
64,9
65,9
66,3
67,7
68,9
69,1
70,13
71,18
72,18
73,0
74,10
75,11
76,10
77,18
78,7
79,18
80,13
81,6
82,1
83,9
84,9
85,7
86,16
87,12
88,9
89,1
90,10
91,14
92,13
93,4
94,18
95,2
96,17
97,8
98,12
99,8
100,11
101,15
102,2
103,17
104,6
105,8
106,7
107,0
108,2
109,0
110,9
111,5
112,12
113,0
114,17
115,16
116,8
117,19
118,8
119,13
120,5
121,17
122,7
123,13
124,8
125,6
126,8
127,11
128,18
129,18
130,14
131,13
132,7
133,3
134,19
135,17
136,13
137,3
138,9
139,3
140,10
141,5
142,3
143,10
144,13
145,4
146,11
147,6
148,2
149,18
150,8
151,17
152,19
153,5
154,5
155,6
156,8
157,5
158,14
159,1
160,11
161,14
162,6
163,13
164,8
165,19
166,1
167,1
168,11
169,18
170,0
171,3
172,17
173,8
174,8
175,7
176,0
177,11
178,6
179,3
180,4
181,6
182,2
183,3
184,7
185,8
186,7
187,10
188,16
189,8
190,0
191,15
192,4
193,13
194,15
195,2
196,7
197,6
198,3
199,18
200,12
201,3
202,18
203,6
204,17
205,10
206,18
207,8
208,11
209,0
210,6
211,19
212,3
213,8
214,10
215,7
216,9
217,7
218,2
219,7
220,12
221,8
222,18
223,7
224,11
225,8
226,4
227,4
228,4
229,14
230,0
231,9
232,7
233,2
234,7
235,6
236,16
237,17
238,11
239,14
240,13
241,6
242,9
243,8
244,7
245,7
246,2
247,17
248,8
249,0
250,2
251,2
252,5
253,11
254,6
255,7
256,12
257,17
258,13
259,14
260,4
261,3
262,8
263,13
264,11
265,18
266,15
267,5
268,5
269,7
270,19
271,7
272,14
273,18
274,10
275,10
276,12
277,18
278,14
279,19
280,19
281,17
282,14
283,6
284,12
285,5
286,4
287,11
288,2
289,15
290,14
291,7
292,18
293,18
294,0
295,5
296,19
297,19
298,14
299,8
300,19
301,17
302,17
303,9
304,13
305,12
306,12
307,7
308,15
309,11
310,6
311,12
312,6
313,3
314,7
315,12
316,7
317,18
318,12
319,19
320,18
321,8
322,13
323,3
324,8
325,7
326,1
327,17
328,18
329,0
330,17
331,6
332,2
333,5
334,18
335,6
336,8
337,12
338,10
339,14
340,3
341,9
342,5
343,18
344,15
345,6
346,0
347,17
348,5
349,10
350,17
351,17
352,7
353,17
354,10
355,12
356,0
357,8
358,11
359,17
360,12
361,0
362,19
363,9
364,2
365,2
366,6
367,8
368,6
369,17
370,4
371,15
372,3
373,1
374,14
375,14
376,4
377,4
378,14
379,0
380,18
381,19
382,19
383,15
384,6
385,0
386,19
387,18
388,9
389,19
390,8
391,19
392,18
393,8
394,5
395,16
396,9
397,11
398,15
399,12
400,19
401,8
402,5
403,6
404,11
405,13
406,2
407,14
408,12
409,11
410,8
411,9
412,17
413,18
414,17
415,17
416,1
417,10
418,7
419,10
420,8
421,12
422,2
423,11
424,11
425,7
426,10
427,7
428,17
429,6
430,6
431,12
432,3
433,0
434,1
435,18
436,6
437,5
438,6
439,5
440,2
441,0
442,7
443,13
444,2
445,8
446,7
447,8
448,17
449,4
450,6
451,5
452,17
453,17
454,14
455,0
456,11
457,11
458,6
459,19
460,8
461,10
462,7
463,5
464,17
465,2
466,0
467,2
468,2
469,18
470,1
471,8
472,15
473,8
474,7
475,7
476,8
477,9
478,9
479,9
480,9
481,6
482,10
483,7
484,14
485,6
486,14
487,6
488,5
489,1
490,1
491,18
492,19
493,11
494,3
495,19
496,19
497,10
498,17
499,1
500,7
501,1
502,9
503,9
504,5
505,8
506,18
507,18
508,18
509,11
510,15
511,10
512,13
513,9
514,17
515,0
516,18
517,18
518,17
519,0
520,19
521,14
522,14
523,18
524,7
525,6
526,15
527,9
528,9
529,1
530,10
531,9
532,14
533,18
534,12
535,1
536,17
537,9
538,7
539,18
540,10
541,9
542,1
543,6
544,19
545,13
546,7
547,12
548,6
549,11
550,18
551,7
552,10
553,6
554,2
555,15
556,4
557,14
558,11
559,7
560,11
561,14
562,4
563,5
564,18
565,0
566,7
567,9
568,18
569,9
570,8
571,4
572,13
573,7
574,7
575,13
576,3
577,3
578,10
579,10
580,15
581,7
582,12
583,5
584,18
585,18
586,9
587,0
588,2
589,8
590,0
591,8
592,12
593,2
594,5
595,14
596,2
597,4
598,12
599,2
600,15
601,9
602,2
603,12
604,18
605,11
606,8
607,8
608,13
609,5
610,12
611,14
612,12
613,7
614,0
615,15
616,16
617,6
618,17
619,17
620,18
621,11
622,4
623,6
624,12
625,14
626,18
627,18
628,6
629,3
630,8
631,10
632,5
633,18
634,19
635,14
636,6
637,1
638,1
639,12
640,3
641,15
642,12
643,12
644,14
645,7
646,12
647,17
648,4
649,7
650,8
651,13
652,14
653,14
654,19
655,10
656,19
657,17
658,18
659,12
660,8
661,12
662,7
663,10
664,11
665,12
666,10
667,7
668,0
669,19
670,6
671,14
672,13
673,14
674,14
675,9
676,14
677,6
678,8
679,15
680,12
681,6
682,4
683,13
684,19
685,11
686,3
687,17
688,18
689,11
690,7
691,2
692,8
693,15
694,7
695,1
696,19
697,9
698,9
699,13
700,17
701,6
702,3
703,6
704,13
705,5
706,7
707,2
708,13
709,18
710,11
711,2
712,19
713,19
714,8
715,7
716,2
717,11
718,9
719,1
720,10
721,8
722,9
723,10
724,12
725,10
726,19
727,15
728,9
729,1
730,1
731,12
732,18
733,5
734,3
735,6
736,11
737,7
738,16
739,15
740,14
741,13
742,14
743,2
744,5
745,9
746,2
747,6
748,13
749,8
750,12
751,19
752,5
753,10
754,15
755,0
756,6
757,7
758,12
759,6
760,18
761,16
762,4
763,11
764,11
765,7
766,6
767,2
768,13
769,19
770,7
771,18
772,17
773,8
774,3
775,5
776,13
777,10
778,11
779,17
780,2
781,6
782,12
783,14
784,5
785,14
786,14
787,12
788,8
789,14
790,0
791,17
792,12
793,0
794,7
795,14
796,4
797,8
798,10
799,18
800,9
801,9
802,12
803,14
804,10
805,0
806,18
807,18
808,11
809,19
810,17
811,11
812,18
813,8
814,3
815,9
816,8
817,9
818,11
819,10
820,5
821,8
822,1
823,11
824,9
825,9
826,17
827,19
828,2
829,14
830,9
831,5
832,12
833,3
834,14
835,12
836,8
837,18
838,13
839,6
840,7
841,13
842,8
843,18
844,8
845,18
846,7
847,13
848,12
849,7
850,11
851,10
852,7
853,18
854,2
855,2
856,15
857,10
858,9
859,4
860,4
861,7
862,2
863,14
864,8
865,10
866,12
867,14
868,1
869,3
870,2
871,8
872,8
873,5
874,9
875,3
876,0
877,8
878,18
879,9
880,4
881,12
882,2
883,8
884,4
885,2
886,0
887,4
888,13
889,2
890,17
891,12
892,7
893,11
894,13
895,4
896,2
897,2
898,12
899,7
900,18
901,10
902,3
903,17
904,17
905,11
906,15
907,8
908,4
909,6
910,0
911,18
912,17
913,12
914,5
915,19
916,0
917,7
918,13
919,16
920,7
921,12
922,3
923,7
924,10
925,9
926,12
927,14
928,9
929,3
930,17
931,1
932,19
933,1
934,12
935,10
936,15
937,8
938,16
939,18
940,6
941,7
942,18
943,1
944,15
945,10
946,12
947,8
948,0
949,9
950,2
951,0
952,18
953,3
954,12
955,10
956,12
957,2
958,15
959,12
960,10
961,7
962,18
963,4
964,2
965,0
966,8
967,3
968,10
969,13
970,9
971,18
972,8
973,1
974,7
975,6
976,5
977,4
978,18
979,3
980,7
981,12
982,5
983,9
984,6
985,8
986,9
987,8
988,17
989,12
990,16
991,13
992,6
993,18
994,1
995,9
996,7
997,3
998,7
999,0
1000,9
1001,0
1002,5
1003,7
1004,8
1005,15
1006,5
1007,17
1008,6
1009,12
1010,12
1011,5
1012,9
1013,0
1014,5
1015,2
1016,1
1017,11
1018,14
1019,19
1020,8
1021,18
1022,8
1023,17
1024,8
1025,14
1026,9
1027,15
1028,18
1029,17
1030,9
1031,8
1032,8
1033,3
1034,18
1035,14
1036,6
1037,3
1038,6
1039,11
1040,18
1041,3
1042,13
1043,18
1044,8
1045,5
1046,18
1047,9
1048,9
1049,19
1050,18
1051,6
1052,0
1053,18
1054,17
1055,13
1056,17
1057,17
1058,14
1059,15
1060,1
1061,13
1062,7
1063,19
1064,7
1065,6
1066,17
1067,3
1068,18
1069,7
1070,10
1071,12
1072,1
1073,19
1074,10
1075,9
1076,3
1077,3
1078,2
1079,10
1080,9
1081,2
1082,9
1083,9
1084,15
1085,0
1086,14
1087,14
1088,9
1089,19
1090,7
1091,1
1092,3
1093,2
1094,11
1095,6
1096,18
1097,18
1098,12
1099,10
1100,19
1101,9
1102,14
1103,10
1104,1
1105,6
1106,5
1107,8
1108,1
1109,10
1110,19
1111,2
1112,16
1113,5
1114,12
1115,3
1116,12
1117,9
1118,15
1119,8
1120,14
1121,18
1122,10
1123,19
1124,9
1125,5
1126,7
1127,19
1128,0
1129,4
1130,1
1131,18
1132,3
1133,17
1134,14
1135,8
1136,0
1137,19
1138,12
1139,8
1140,7
1141,6
1142,9
1143,12
1144,5
1145,9
1146,10
1147,8
1148,2
1149,18
1150,17
1151,9
1152,12
1153,17
1154,11
1155,0
1156,16
1157,8
1158,2
1159,1
1160,19
1161,0
1162,10
1163,5
1164,11
1165,5
1166,7
1167,2
1168,18
1169,11
1170,3
1171,15
1172,17
1173,17
1174,8
1175,2
1176,15
1177,5
1178,12
1179,9
1180,14
1181,18
1182,10
1183,7
1184,15
1185,17
1186,5
1187,18
1188,2
1189,2
1190,2
1191,12
1192,1
1193,10
1194,13
1195,8
1196,7
1197,15
1198,19
1199,5
1200,9
1201,9
1202,19
1203,18
1204,9
1205,18
1206,13
1207,11
1208,7
1209,6
1210,10
1211,3
1212,18
1213,19
1214,5
1215,17
1216,5
1217,4
1218,3
1219,12
1220,4
1221,18
1222,17
1223,12
1224,3
1225,17
1226,8
1227,2
1228,3
1229,9
1230,6
1231,14
1232,14
1233,9
1234,15
1235,11
1236,19
1237,0
1238,8
1239,9
1240,15
1241,6
1242,13
1243,5
1244,10
1245,2
1246,14
1247,18
1248,7
1249,2
1250,14
1251,17
1252,2
1253,9
1254,4
1255,13
1256,12
1257,16
1258,6
1259,5
1260,9
1261,3
1262,15
1263,10
1264,5
1265,3
1266,1
1267,17
1268,18
1269,13
1270,7
1271,6
1272,9
1273,11
1274,2
1275,8
1276,1
1277,9
1278,0
1279,2
1280,12
1281,1
1282,18
1283,14
1284,9
1285,15
1286,4
1287,5
1288,3
1289,12
1290,19
1291,3
1292,2
1293,9
1294,18
1295,9
1296,17
1297,9
1298,11
1299,8
1300,13
1301,19
1302,1
1303,8
1304,6
1305,17
1306,18
1307,15
1308,8
1309,5
1310,7
1311,6
1312,9
1313,5
1314,7
1315,17
1316,9
1317,19
1318,8
1319,8
1320,12
1321,9
1322,8
1323,11
1324,8
1325,5
1326,8
1327,10
1328,7
1329,10
1330,10
1331,7
1332,12
1333,18
1334,15
1335,11
1336,5
1337,6
1338,14
1339,3
1340,14
1341,12
1342,0
1343,14
1344,18
1345,13
1346,18
1347,12
1348,1
1349,19
1350,14
1351,2
1352,9
1353,2
1354,15
1355,0
1356,18
1357,18
1358,9
1359,14
1360,14
1361,9
1362,2
1363,2
1364,2
1365,17
1366,6
1367,18
1368,13
1369,2
1370,10
1371,7
1372,11
1373,4
1374,2
1375,7
1376,18
1377,5
1378,11
1379,17
1380,7
1381,2
1382,6
1383,4
1384,0
1385,6
1386,16
1387,4
1388,11
1389,7
1390,18
1391,3
1392,9
1393,8
1394,2
1395,8
1396,4
1397,5
1398,14
1399,7
1400,17
1401,11
1402,4
1403,12
1404,4
1405,11
1406,5
1407,1
1408,13
1409,14
1410,12
1411,7
1412,10
1413,15
1414,8
1415,6
1416,2
1417,7
1418,10
1419,18
1420,3
1421,7
1422,15
1423,14
1424,17
1425,9
1426,4
1427,19
1428,15
1429,7
1430,6
1431,5
1432,8
1433,7
1434,17
1435,11
1436,1
1437,5
1438,6
1439,14
1440,19
1441,18
1442,14
1443,11
1444,0
1445,11
1446,7
1447,2
1448,2
1449,12
1450,17
1451,12
1452,5
1453,9
1454,18
1455,19
1456,9
1457,7
1458,12
1459,18
1460,17
1461,13
1462,2
1463,11
1464,2
1465,8
1466,14
1467,17
1468,14
1469,18
1470,12
1471,10
1472,1
1473,1
1474,17
1475,18
1476,17
1477,13
1478,19
1479,8
1480,12
1481,3
1482,1
1483,1
1484,15
1485,15
1486,10
1487,9
1488,18
1489,11
1490,15
1491,8
1492,2
1493,7
1494,4
1495,8
1496,10
1497,6
1498,7
1499,8
1500,7
1501,0
1502,0
1503,0
1504,0
1505,5
1506,5
1507,18
1508,4
1509,17
1510,18
1511,18
1512,0
1513,6
1514,11
1515,3
1516,11
1517,15
1518,5
1519,17
1520,4
1521,19
1522,18
1523,11
1524,2
1525,19
1526,19
1527,11
1528,12
1529,7
1530,9
1531,6
1532,4
1533,4
1534,3
1535,11
1536,9
1537,2
1538,6
1539,2
1540,18
1541,15
1542,6
1543,7
1544,7
1545,5
1546,14
1547,7
1548,2
1549,1
1550,2
1551,3
1552,7
1553,0
1554,15
1555,5
1556,19
1557,0
1558,6
1559,14
1560,14
1561,0
1562,4
1563,9
1564,12
1565,18
1566,15
1567,1
1568,18
1569,8
1570,3
1571,9
1572,9
1573,16
1574,1
1575,13
1576,18
1577,5
1578,1
1579,17
1580,1
1581,2
1582,10
1583,17
1584,8
1585,11
1586,8
1587,8
1588,7
1589,13
1590,6
1591,0
1592,1
1593,6
1594,4
1595,18
1596,4
1597,1
1598,11
1599,18
1600,17
1601,15
1602,8
1603,18
1604,5
1605,9
1606,17
1607,0
1608,3
1609,2
1610,3
1611,7
1612,5
1613,13
1614,12
1615,9
1616,11
1617,1
1618,12
1619,5
1620,18
1621,17
1622,1
1623,4
1624,14
1625,7
1626,8
1627,2
1628,0
1629,10
1630,6
1631,9
1632,11
1633,14
1634,1
1635,3
1636,8
1637,8
1638,6
1639,19
1640,2
1641,10
1642,2
1643,3
1644,7
1645,12
1646,0
1647,1
1648,8
1649,7
1650,8
1651,9
1652,11
1653,3
1654,9
1655,11
1656,7
1657,4
1658,4
1659,8
1660,8
1661,10
1662,2
1663,17
1664,8
1665,13
1666,10
1667,17
1668,3
1669,0
1670,14
1671,17
1672,13
1673,9
1674,12
1675,19
1676,3
1677,8
1678,18
1679,19
1680,15
1681,1
1682,12
1683,19
1684,11
1685,15
1686,6
1687,9
1688,19
1689,18
1690,12
1691,8
1692,12
1693,14
1694,3
1695,2
1696,2
1697,1
1698,3
1699,1
1700,11
1701,15
1702,4
1703,5
1704,3
1705,4
1706,10
1707,1
1708,15
1709,19
1710,18
1711,18
1712,6
1713,3
1714,6
1715,10
1716,12
1717,1
1718,6
1719,8
1720,13
1721,4
1722,17
1723,5
1724,19
1725,6
1726,8
1727,2
1728,0
1729,4
1730,5
1731,18
1732,6
1733,17
1734,18
1735,11
1736,6
1737,13
1738,11
1739,14
1740,18
1741,15
1742,17
1743,7
1744,5
1745,17
1746,6
1747,14
1748,12
1749,5
1750,17
1751,3
1752,5
1753,14
1754,7
1755,11
1756,3
1757,3
1758,4
1759,3
1760,3
1761,7
1762,10
1763,8
1764,12
1765,7
1766,19
1767,14
1768,19
1769,9
1770,7
1771,0
1772,9
1773,10
1774,9
1775,14
1776,8
1777,1
1778,18
1779,6
1780,17
1781,9
1782,7
1783,14
1784,12
1785,12
1786,11
1787,4
1788,10
1789,14
1790,14
1791,2
1792,5
1793,8
1794,18
1795,11
1796,17
1797,3
1798,10
1799,1
1800,2
1801,5
1802,15
1803,10
1804,1
1805,19
1806,8
1807,12
1808,15
1809,18
1810,5
1811,8
1812,6
1813,12
1814,2
1815,17
1816,1
1817,15
1818,9
1819,12
1820,0
1821,14
1822,8
1823,19
1824,9
1825,17
1826,12
1827,5
1828,5
1829,5
1830,9
1831,14
1832,9
1833,1
1834,19
1835,4
1836,1
1837,19
1838,14
1839,17
1840,19
1841,3
1842,19
1843,12
1844,15
1845,7
1846,12
1847,18
1848,8
1849,14
1850,8
1851,11
1852,14
1853,18
1854,10
1855,18
1856,7
1857,12
1858,4
1859,11
1860,19
1861,7
1862,3
1863,3
1864,8
1865,4
1866,13
1867,19
1868,0
1869,9
1870,10
1871,12
1872,4
1873,0
1874,17
1875,11
1876,18
1877,2
1878,6
1879,8
1880,12
1881,14
1882,18
1883,11
1884,2
1885,1
1886,15
1887,15
1888,13
1889,1
1890,11
1891,6
1892,11
1893,12
1894,8
1895,14
1896,18
1897,1
1898,8
1899,12
1900,7
1901,12
1902,15
1903,9
1904,13
1905,8
1906,1
1907,6
1908,18
1909,15
1910,11
1911,3
1912,19
1913,10
1914,18
1915,7
1916,9
1917,9
1918,18
1919,8
1920,7
1921,12
1922,2
1923,7
1924,3
1925,12
1926,8
1927,8
1928,16
1929,9
1930,7
1931,18
1932,2
1933,19
1934,6
1935,13
1936,5
1937,18
1938,3
1939,17
1940,19
1941,3
1942,6
1943,8
1944,12
1945,2
1946,8
1947,12
1948,12
1949,11
1950,12
1951,5
1952,2
1953,11
1954,3
1955,6
1956,17
1957,7
1958,19
1959,3
1960,19
1961,11
1962,8
1963,6
1964,4
1965,8
1966,12
1967,18
1968,11
1969,15
1970,8
1971,18
1972,9
1973,19
1974,17
1975,4
1976,14
1977,10
1978,5
1979,2
1980,5
1981,11
1982,18
1983,19
1984,2
1985,16
1986,3
1987,4
1988,11
1989,16
1990,0
1991,14
1992,10
1993,16
1994,8
1995,1
1996,15
1997,15
1998,1
1999,12
2000,6
2001,9
2002,12
2003,3
2004,17
2005,10
2006,8
2007,19
2008,2
2009,4
2010,9
2011,14
2012,2
2013,0
2014,17
2015,4
2016,17
2017,16
2018,18
2019,5
2020,12
2021,2
2022,13
2023,8
2024,16
2025,9
2026,12
2027,14
2028,12
2029,4
2030,4
2031,12
2032,12
2033,12
2034,12
2035,9
2036,14
2037,8
2038,18
2039,6
2040,14
2041,0
2042,3
2043,5
2044,14
2045,14
2046,18
2047,8
2048,7
2049,0
2050,5
2051,5
2052,3
2053,9
2054,1
2055,1
2056,5
2057,12
2058,7
2059,18
2060,8
2061,19
2062,19
2063,6
2064,12
2065,14
2066,8
2067,5
2068,2
2069,8
2070,18
2071,19
2072,10
2073,14
2074,3
2075,10
2076,9
2077,0
2078,6
2079,19
2080,19
2081,18
2082,5
2083,4
2084,19
2085,14
2086,1
2087,19
2088,12
2089,9
2090,15
2091,19
2092,8
2093,19
2094,8
2095,4
2096,6
2097,19
2098,0
2099,7
2100,8
2101,1
2102,8
2103,1
2104,6
2105,7
2106,5
2107,12
2108,0
2109,8
2110,5
2111,17
2112,0
2113,0
2114,2
2115,18
2116,4
2117,17
2118,8
2119,19
2120,17
2121,3
2122,12
2123,2
2124,2
2125,15
2126,5
2127,14
2128,10
2129,10
2130,19
2131,12
2132,2
2133,6
2134,11
2135,8
2136,11
2137,9
2138,17
2139,4
2140,15
2141,11
2142,18
2143,1
2144,1
2145,9
2146,8
2147,11
2148,7
2149,14
2150,6
2151,10
2152,15
2153,19
2154,8
2155,3
2156,5
2157,7
2158,8
2159,6
2160,1
2161,11
2162,9
2163,3
2164,13
2165,3
2166,9
2167,12
2168,3
2169,5
2170,13
2171,19
2172,15
2173,7
2174,7
2175,5
2176,18
2177,9
2178,12
2179,2
2180,15
2181,18
2182,14
2183,8
2184,9
2185,12
2186,3
2187,1
2188,18
2189,2
2190,13
2191,14
2192,15
2193,8
2194,17
2195,12
2196,15
2197,9
2198,18
2199,15
2200,8
2201,12
2202,0
2203,9
2204,8
2205,14
2206,1
2207,0
2208,1
2209,11
2210,13
2211,8
2212,15
2213,7
2214,6
2215,4
2216,18
2217,13
2218,11
2219,8
2220,13
2221,16
2222,6
2223,8
2224,6
2225,8
2226,2
2227,6
2228,12
2229,1
2230,2
2231,2
2232,7
2233,19
2234,18
2235,6
2236,18
2237,5
2238,7
2239,12
2240,3
2241,13
2242,8
2243,8
2244,10
2245,19
2246,15
2247,3
2248,5
2249,18
2250,9
2251,14
2252,9
2253,19
2254,7
2255,11
2256,12
2257,11
2258,11
2259,19
2260,15
2261,10
2262,16
2263,12
2264,19
2265,2
2266,2
2267,15
2268,2
2269,6
2270,12
2271,18
2272,11
2273,3
2274,11
2275,8
2276,8
2277,10
2278,15
2279,9
2280,17
2281,3
2282,3
2283,18
2284,19
2285,1
2286,19
2287,7
2288,17
2289,12
2290,3
2291,18
2292,14
2293,7
2294,1
2295,4
2296,12
2297,5
2298,14
2299,9
2300,7
2301,12
2302,11
2303,0
2304,2
2305,14
2306,10
2307,5
2308,0
2309,7
2310,11
2311,4
2312,7
2313,19
2314,12
2315,19
2316,9
2317,11
2318,15
2319,3
2320,18
2321,15
2322,1
2323,0
2324,8
2325,8
2326,7
2327,9
2328,18
2329,5
2330,15
2331,9
2332,0
2333,1
2334,13
2335,2
2336,7
2337,1
2338,3
2339,19
2340,10
2341,4
2342,14
2343,19
2344,13
2345,9
2346,1
2347,18
2348,0
2349,3
2350,12
2351,8
2352,7
2353,0
2354,15
2355,14
2356,9
2357,7
2358,17
2359,17
2360,11
2361,10
2362,8
2363,0
2364,6
2365,0
2366,9
2367,9
2368,9
2369,7
2370,12
2371,7
2372,19
2373,14
2374,1
2375,8
2376,2
2377,2
2378,17
2379,0
2380,12
2381,8
2382,12
2383,9
2384,3
2385,5
2386,0
2387,19
2388,7
2389,10
2390,19
2391,9
2392,10
2393,8
2394,4
2395,9
2396,4
2397,2
2398,0
2399,16
2400,8
2401,3
2402,6
2403,8
2404,7
2405,17
2406,1
2407,11
2408,1
2409,4
2410,0
2411,3
2412,2
2413,11
2414,10
2415,7
2416,18
2417,12
2418,2
2419,2
2420,19
2421,8
2422,2
2423,18
2424,19
2425,10
2426,19
2427,8
2428,18
2429,7
2430,18
2431,19
2432,18
2433,9
2434,17
2435,18
2436,18
2437,12
2438,9
2439,8
2440,15
2441,19
2442,8
2443,2
2444,19
2445,7
2446,10
2447,17
2448,9
2449,7
2450,1
2451,14
2452,3
2453,15
2454,6
2455,16
2456,3
2457,3
2458,3
2459,3
2460,9
2461,11
2462,6
2463,9
2464,6
2465,0
2466,4
2467,12
2468,17
2469,5
2470,10
2471,13
2472,0
2473,0
2474,5
2475,5
2476,10
2477,18
2478,19
2479,12
2480,4
2481,10
2482,3
2483,15
2484,12
2485,8
2486,4
2487,17
2488,7
2489,9
2490,5
2491,8
2492,8
2493,8
2494,2
2495,15
2496,19
2497,2
2498,17
2499,5
2500,8
2501,9
2502,17
2503,17
2504,15
2505,18
2506,4
2507,9
2508,9
2509,10
2510,11
2511,17
2512,18
2513,18
2514,14
2515,11
2516,10
2517,10
2518,4
2519,19
2520,0
2521,6
2522,9
2523,10
2524,10
2525,1
2526,4
2527,4
2528,12
2529,8
2530,6
2531,17
2532,9
2533,19
2534,19
2535,2
2536,18
2537,14
2538,6
2539,13
2540,14
2541,6
2542,3
2543,5
2544,18
2545,12
2546,2
2547,7
2548,9
2549,10
2550,19
2551,11
2552,5
2553,0
2554,7
2555,6
2556,7
2557,5
2558,2
2559,9
2560,19
2561,13
2562,8
2563,3
2564,5
2565,6
2566,14
2567,8
2568,12
2569,8
2570,14
2571,10
2572,10
2573,14
2574,2
2575,17
2576,12
2577,19
2578,10
2579,8
2580,7
2581,15
2582,15
2583,0
2584,2
2585,8
2586,18
2587,6
2588,12
2589,10
2590,0
2591,4
2592,10
2593,11
2594,5
2595,4
2596,11
2597,15
2598,5
2599,8
2600,15
2601,2
2602,7
2603,13
2604,18
2605,7
2606,19
2607,9
2608,4
2609,8
2610,9
2611,18
2612,0
2613,19
2614,13
2615,19
2616,1
2617,9
2618,7
2619,0
2620,8
2621,11
2622,18
2623,0
2624,16
2625,19
2626,3
2627,8
2628,3
2629,9
2630,12
2631,18
2632,18
2633,7
2634,6
2635,12
2636,17
2637,13
2638,0
2639,12
2640,11
2641,3
2642,13
2643,8
2644,17
2645,7
2646,11
2647,6
2648,3
2649,1
2650,12
2651,16
2652,1
2653,15
2654,10
2655,9
2656,11
2657,4
2658,0
2659,3
2660,19
2661,0
2662,12
2663,12
2664,19
2665,4
2666,10
2667,17
2668,14
2669,5
2670,2
2671,15
2672,14
2673,8
2674,17
2675,2
2676,5
2677,4
2678,0
2679,12
2680,19
2681,8
2682,9
2683,18
2684,14
2685,11
2686,13
2687,3
2688,5
2689,14
2690,5
2691,8
2692,5
2693,6
2694,17
2695,13
2696,5
2697,10
2698,9
2699,17
2700,9
2701,18
2702,12
2703,1
2704,9
2705,18
2706,7
2707,6
2708,15
2709,5
2710,9
2711,14
2712,14
2713,15
2714,7
2715,9
2716,3
2717,11
2718,18
2719,7
2720,0
2721,8
2722,18
2723,9
2724,18
2725,5
2726,1
2727,17
2728,3
2729,13
2730,19
2731,5
2732,12
2733,4
2734,12
2735,2
2736,3
2737,19
2738,8
2739,16
2740,18
2741,5
2742,0
2743,1
2744,17
2745,12
2746,2
2747,8
2748,12
2749,5
2750,5
2751,16
2752,2
2753,5
2754,19
2755,13
2756,11
2757,6
2758,7
2759,5
2760,7
2761,2
2762,19
2763,11
2764,14
2765,9
2766,12
2767,14
2768,9
2769,9
2770,8
2771,17
2772,7
2773,3
2774,2
2775,15
2776,5
2777,12
2778,14
2779,19
2780,15
2781,0
2782,19
2783,9
2784,18
2785,19
2786,6
2787,14
2788,6
2789,15
2790,0
2791,14
2792,14
2793,6
2794,7
2795,17
2796,4
2797,7
2798,14
2799,14
2800,17
2801,1
2802,10
2803,12
2804,9
2805,10
2806,14
2807,18
2808,5
2809,6
2810,17
2811,17
2812,8
2813,8
2814,18
2815,18
2816,0
2817,9
2818,9
2819,7
2820,14
2821,8
2822,19
2823,6
2824,8
2825,2
2826,7
2827,4
2828,14
2829,8
2830,0
2831,5
2832,14
2833,8
2834,7
2835,5
2836,6
2837,9
2838,11
2839,13
2840,15
2841,15
2842,18
2843,8
2844,10
2845,9
2846,12
2847,9
2848,2
2849,6
2850,6
2851,18
2852,19
2853,17
2854,19
2855,19
2856,18
2857,13
2858,12
2859,3
2860,18
2861,8
2862,5
2863,10
2864,12
2865,5
2866,7
2867,14
2868,3
2869,15
2870,15
2871,9
2872,18
2873,15
2874,0
2875,11
2876,10
2877,17
2878,3
2879,19
2880,3
2881,7
2882,14
2883,10
2884,3
2885,18
2886,8
2887,11
2888,17
2889,8
2890,18
2891,7
2892,11
2893,13
2894,18
2895,1
2896,0
2897,15
2898,18
2899,14
2900,5
2901,17
2902,18
2903,10
2904,6
2905,9
2906,2
2907,1
2908,14
2909,19
2910,11
2911,0
2912,0
2913,17
2914,18
2915,6
2916,0
2917,18
2918,8
2919,6
2920,0
2921,4
2922,3
2923,7
2924,17
2925,12
2926,11
2927,3
2928,12
2929,6
2930,12
2931,19
2932,3
2933,19
2934,11
2935,14
2936,4
2937,14
2938,18
2939,10
2940,3
2941,3
2942,12
2943,18
2944,8
2945,5
2946,6
2947,8
2948,19
2949,11
2950,12
2951,14
2952,9
2953,7
2954,2
2955,5
2956,5
2957,17
2958,11
2959,8
2960,18
2961,6
2962,18
2963,6
2964,8
2965,5
2966,11
2967,0
2968,15
2969,2
2970,18
2971,6
2972,12
2973,9
2974,6
2975,9
2976,7
2977,15
2978,19
2979,2
2980,9
2981,10
2982,6
2983,6
2984,1
2985,9
2986,9
2987,3
2988,8
2989,6
2990,0
2991,18
2992,7
2993,3
2994,12
2995,2
2996,8
2997,1
2998,15
2999,17
3000,7
3001,12
3002,12
3003,17
3004,18
3005,6
3006,11
3007,3
3008,12
3009,11
3010,9
3011,9
3012,12
3013,2
3014,10
3015,9
3016,19
3017,11
3018,7
3019,17
3020,1
3021,14
3022,19
3023,12
3024,13
3025,2
3026,2
3027,0
3028,18
3029,3
3030,15
3031,5
3032,7
3033,2
3034,7
3035,18
3036,19
3037,19
3038,8
3039,9
3040,9
3041,1
3042,5
3043,15
3044,12
3045,12
3046,10
3047,5
3048,0
3049,8
3050,3
3051,5
3052,7
3053,1
3054,2
3055,10
3056,11
3057,4
3058,6
3059,18
3060,0
3061,5
3062,13
3063,9
3064,10
3065,9
3066,15
3067,8
3068,19
3069,19
3070,2
3071,8
3072,2
3073,0
3074,6
3075,18
3076,8
3077,4
3078,19
3079,10
3080,7
3081,14
3082,6
3083,3
3084,2
3085,1
3086,1
3087,9
3088,6
3089,16
3090,14
3091,18
3092,15
3093,5
3094,0
3095,13
3096,15
3097,0
3098,19
3099,7
3100,3
3101,15
3102,4
3103,17
3104,12
3105,9
3106,18
3107,13
3108,12
3109,18
3110,0
3111,19
3112,2
3113,8
3114,0
3115,11
3116,17
3117,2
3118,11
3119,3
3120,19
3121,17
3122,17
3123,2
3124,15
3125,2
3126,18
3127,12
3128,10
3129,9
3130,7
3131,1
3132,8
3133,0
3134,6
3135,3
3136,2
3137,14
3138,12
3139,9
3140,8
3141,3
3142,11
3143,8
3144,18
3145,7
3146,6
3147,1
3148,18
3149,19
3150,9
3151,15
3152,9
3153,4
3154,10
3155,9
3156,18
3157,15
3158,5
3159,19
3160,6
3161,15
3162,8
3163,11
3164,8
3165,18
3166,11
3167,3
3168,17
3169,5
3170,16
3171,8
3172,12
3173,10
3174,7
3175,12
3176,11
3177,6
3178,2
3179,14
3180,12
3181,4
3182,7
3183,13
3184,0
3185,0
3186,1
3187,18
3188,15
3189,17
3190,8
3191,18
3192,9
3193,7
3194,0
3195,0
3196,7
3197,14
3198,9
3199,17
3200,9
3201,18
3202,1
3203,3
3204,7
3205,2
3206,18
3207,7
3208,15
3209,7
3210,18
3211,6
3212,18
3213,7
3214,9
3215,1
3216,19
3217,12
3218,11
3219,7
3220,18
3221,13
3222,4
3223,11
3224,1
3225,11
3226,15
3227,6
3228,10
3229,10
3230,11
3231,19
3232,8
3233,7
3234,18
3235,17
3236,5
3237,11
3238,6
3239,18
3240,7
3241,6
3242,10
3243,18
3244,15
3245,18
3246,1
3247,2
3248,0
3249,6
3250,8
3251,15
3252,17
3253,1
3254,18
3255,17
3256,14
3257,12
3258,1
3259,1
3260,5
3261,18
3262,18
3263,11
3264,18
3265,14
3266,11
3267,7
3268,9
3269,5
3270,19
3271,12
3272,0
3273,6
3274,0
3275,19
3276,18
3277,6
3278,8
3279,3
3280,12
3281,5
3282,7
3283,0
3284,2
3285,17
3286,3
3287,3
3288,9
3289,9
3290,14
3291,11
3292,4
3293,0
3294,18
3295,17
3296,6
3297,19
3298,18
3299,6
3300,13
3301,17
3302,4
3303,5
3304,2
3305,12
3306,18
3307,14
3308,19
3309,0
3310,3
3311,1
3312,1
3313,5
3314,1
3315,10
3316,12
3317,11
3318,9
3319,17
3320,3
3321,19
3322,5
3323,5
3324,9
3325,19
3326,10
3327,14
3328,8
3329,2
3330,13
3331,17
3332,10
3333,4
3334,11
3335,10
3336,10
3337,15
3338,8
3339,2
3340,0
3341,7
3342,1
3343,3
3344,6
3345,2
3346,8
3347,3
3348,5
3349,8
3350,19
3351,12
3352,14
3353,7
3354,5
3355,17
3356,2
3357,13
3358,9
3359,17
3360,2
3361,4
3362,2
3363,7
3364,5
3365,9
3366,10
3367,13
3368,10
3369,13
3370,6
3371,3
3372,3
3373,8
3374,12
3375,14
3376,4
3377,18
3378,3
3379,15
3380,3
3381,19
3382,5
3383,11
3384,11
3385,11
3386,18
3387,12
3388,19
3389,2
3390,12
3391,13
3392,18
3393,9
3394,1
3395,7
3396,10
3397,6
3398,7
3399,5
3400,9
3401,8
3402,7
3403,8
3404,11
3405,14
3406,5
3407,18
3408,6
3409,4
3410,1
3411,12
3412,18
3413,5
3414,9
3415,2
3416,5
3417,18
3418,0
3419,13
3420,7
3421,17
3422,15
3423,9
3424,5
3425,2
3426,14
3427,7
3428,11
3429,1
3430,6
3431,8
3432,3
3433,0
3434,10
3435,19
3436,2
3437,18
3438,19
3439,9
3440,9
3441,19
3442,17
3443,0
3444,12
3445,18
3446,10
3447,1
3448,5
3449,17
3450,3
3451,6
3452,11
3453,4
3454,19
3455,12
3456,18
3457,5
3458,13
3459,3
3460,2
3461,19
3462,8
3463,8
3464,0
3465,15
3466,11
3467,2
3468,9
3469,11
3470,11
3471,3
3472,18
3473,8
3474,8
3475,9
3476,3
3477,13
3478,8
3479,4
3480,4
3481,5
3482,12
3483,17
3484,1
3485,8
3486,19
3487,10
3488,13
3489,0
3490,4
3491,3
3492,2
3493,7
3494,9
3495,17
3496,18
3497,12
3498,19
3499,14
3500,8
3501,5
3502,0
3503,11
3504,0
3505,10
3506,2
3507,14
3508,3
3509,18
3510,1
3511,0
3512,9
3513,10
3514,17
3515,3
3516,17
3517,8
3518,14
3519,9
3520,8
3521,6
3522,3
3523,17
3524,4
3525,5
3526,19
3527,18
3528,19
3529,18
3530,14
3531,14
3532,7
3533,15
3534,12
3535,4
3536,3
3537,11
3538,2
3539,1
3540,3
3541,5
3542,9
3543,13
3544,0
3545,18
3546,8
3547,18
3548,19
3549,14
3550,19
3551,11
3552,18
3553,2
3554,5
3555,6
3556,17
3557,3
3558,4
3559,12
3560,17
3561,11
3562,12
3563,9
3564,8
3565,3
3566,18
3567,14
3568,18
3569,7
3570,0
3571,3
3572,2
3573,3
3574,4
3575,14
3576,2
3577,11
3578,10
3579,3
3580,12
3581,19
3582,17
3583,9
3584,19
3585,5
3586,19
3587,2
3588,14
3589,3
3590,2
3591,11
3592,3
3593,10
3594,10
3595,3
3596,17
3597,10
3598,18
3599,12
3600,13
3601,1
3602,5
3603,8
3604,17
3605,7
3606,9
3607,15
3608,7
3609,9
3610,18
3611,10
3612,6
3613,5
3614,7
3615,19
3616,4
3617,5
3618,19
3619,8
3620,19
3621,5
3622,11
3623,3
3624,3
3625,10
3626,15
3627,10
3628,10
3629,14
3630,19
3631,19
3632,14
3633,19
3634,17
3635,19
3636,2
3637,10
3638,18
3639,17
3640,1
3641,7
3642,10
3643,3
3644,10
3645,6
3646,7
3647,1
3648,2
3649,10
3650,5
3651,10
3652,19
3653,3
3654,18
3655,15
3656,2
3657,7
3658,5
3659,14
3660,17
3661,2
3662,0
3663,10
3664,10
3665,18
3666,1
3667,2
3668,3
3669,19
3670,9
3671,3
3672,18
3673,3
3674,8
3675,2
3676,1
3677,2
3678,0
3679,18
3680,5
3681,16
3682,9
3683,6
3684,8
3685,11
3686,1
3687,18
3688,14
3689,7
3690,8
3691,7
3692,11
3693,7
3694,9
3695,7
3696,4
3697,17
3698,7
3699,6
3700,17
3701,2
3702,9
3703,9
3704,8
3705,11
3706,7
3707,9
3708,14
3709,10
3710,8
3711,7
3712,6
3713,11
3714,2
3715,10
3716,6
3717,9
3718,19
3719,3
3720,7
3721,9
3722,17
3723,6
3724,17
3725,4
3726,14
3727,12
3728,18
3729,0
3730,8
3731,17
3732,2
3733,8
3734,18
3735,10
3736,12
3737,5
3738,10
3739,0
3740,14
3741,7
3742,2
3743,9
3744,17
3745,15
3746,5
3747,2
3748,5
3749,19
3750,3
3751,2
3752,3
3753,1
3754,8
3755,8
3756,6
3757,9
3758,14
3759,7
3760,14
3761,2
3762,6
3763,2
3764,18
3765,3
3766,10
3767,3
3768,0
3769,1
3770,0
3771,3
3772,11
3773,17
3774,9
3775,3
3776,15
3777,9
3778,17
3779,18
3780,7
3781,2
3782,19
3783,19
3784,18
3785,5
3786,5
3787,7
3788,0
3789,7
3790,15
3791,11
3792,8
3793,6
3794,12
3795,3
3796,18
3797,7
3798,7
3799,3
3800,4
3801,11
3802,4
3803,5
3804,11
3805,15
3806,0
3807,8
3808,18
3809,2
3810,10
3811,1
3812,1
3813,0
3814,5
3815,8
3816,8
3817,6
3818,18
3819,17
3820,4
3821,3
3822,3
3823,6
3824,17
3825,12
3826,9
3827,11
3828,0
3829,8
3830,16
3831,9
3832,18
3833,6
3834,15
3835,9
3836,7
3837,14
3838,0
3839,9
3840,10
3841,4
3842,15
3843,12
3844,8
3845,0
3846,13
3847,8
3848,2
3849,7
3850,19
3851,0
3852,9
3853,10
3854,17
3855,12
3856,17
3857,19
3858,14
3859,18
3860,4
3861,2
3862,11
3863,19
3864,11
3865,18
3866,17
3867,9
3868,6
3869,19
3870,7
3871,19
3872,16
3873,3
3874,11
3875,6
3876,9
3877,6
3878,0
3879,11
3880,19
3881,18
3882,15
3883,9
3884,19
3885,3
3886,2
3887,9
3888,12
3889,7
3890,0
3891,8
3892,17
3893,19
3894,12
3895,2
3896,2
3897,19
3898,9
3899,9
3900,13
3901,10
3902,13
3903,9
3904,15
3905,14
3906,12
3907,14
3908,18
3909,17
3910,9
3911,19
3912,18
3913,7
3914,18
3915,17
3916,18
3917,9
3918,16
3919,15
3920,18
3921,12
3922,12
3923,4
3924,0
3925,9
3926,19
3927,6
3928,1
3929,19
3930,15
3931,11
3932,11
3933,19
3934,3
3935,8
3936,7
3937,5
3938,6
3939,5
3940,8
3941,5
3942,18
3943,6
3944,7
3945,9
3946,14
3947,6
3948,10
3949,19
3950,1
3951,8
3952,3
3953,18
3954,9
3955,17
3956,17
3957,4
3958,2
3959,15
3960,1
3961,18
3962,2
3963,11
3964,4
3965,18
3966,12
3967,11
3968,18
3969,7
3970,1
3971,9
3972,13
3973,0
3974,12
3975,4
3976,6
3977,3
3978,18
3979,2
3980,15
3981,10
3982,9
3983,5
3984,2
3985,18
3986,9
3987,8
3988,10
3989,11
3990,7
3991,19
3992,8
3993,19
3994,10
3995,0
3996,18
3997,17
3998,8
3999,12
4000,12
4001,12
4002,15
4003,17
4004,4
4005,7
4006,6
4007,17
4008,2
4009,3
4010,5
4011,12
4012,19
4013,4
4014,8
4015,9
4016,12
4017,19
4018,17
4019,0
4020,16
4021,7
4022,1
4023,14
4024,1
4025,18
4026,17
4027,13
4028,14
4029,3
4030,7
4031,18
4032,11
4033,7
4034,9
4035,11
4036,3
4037,4
4038,15
4039,4
4040,0
4041,8
4042,11
4043,18
4044,7
4045,0
4046,0
4047,2
4048,17
4049,12
4050,6
4051,0
4052,0
4053,18
4054,19
4055,12
4056,18
4057,1
4058,4
4059,7
4060,18
4061,1
4062,9
4063,9
4064,5
4065,4
4066,7
4067,5
4068,5
4069,7
4070,9
4071,12
4072,7
4073,6
4074,9
4075,12
4076,8
4077,19
4078,17
4079,9
4080,6
4081,14
4082,19
4083,0
4084,6
4085,0
4086,2
4087,11
4088,10
4089,0
4090,0
4091,17
4092,13
4093,8
4094,19
4095,8
4096,5
4097,15
4098,5
4099,14
4100,3
4101,14
4102,19
4103,13
4104,17
4105,8
4106,8
4107,19
4108,2
4109,0
4110,11
4111,7
4112,9
4113,16
4114,12
4115,15
4116,7
4117,17
4118,9
4119,14
4120,0
4121,5
4122,6
4123,1
4124,15
4125,2
4126,17
4127,18
4128,1
4129,14
4130,1
4131,8
4132,19
4133,6
4134,19
4135,19
4136,19
4137,10
4138,18
4139,7
4140,11
4141,16
4142,15
4143,5
4144,3
4145,18
4146,1
4147,19
4148,1
4149,0
4150,6
4151,0
4152,0
4153,18
4154,17
4155,1
4156,5
4157,10
4158,4
4159,8
4160,17
4161,7
4162,4
4163,9
4164,19
4165,11
4166,16
4167,6
4168,3
4169,10
4170,3
4171,9
4172,2
4173,0
4174,11
4175,6
4176,7
4177,3
4178,18
4179,3
4180,4
4181,19
4182,12
4183,15
4184,9
4185,17
4186,8
4187,8
4188,2
4189,7
4190,5
4191,12
4192,12
4193,19
4194,5
4195,0
4196,9
4197,11
4198,7
4199,10
4200,16
4201,8
4202,5
4203,11
4204,19
4205,18
4206,19
4207,5
4208,11
4209,8
4210,4
4211,18
4212,8
4213,12
4214,5
4215,14
4216,17
4217,9
4218,18
4219,7
4220,17
4221,9
4222,19
4223,0
4224,18
4225,15
4226,18
4227,7
4228,6
4229,7
4230,14
4231,9
4232,0
4233,6
4234,5
4235,19
4236,3
4237,11
4238,15
4239,17
4240,17
4241,19
4242,18
4243,11
4244,19
4245,18
4246,3
4247,7
4248,14
4249,10
4250,3
4251,19
4252,4
4253,6
4254,14
4255,18
4256,2
4257,14
4258,10
4259,4
4260,11
4261,17
4262,1
4263,17
4264,12
4265,18
4266,6
4267,7
4268,17
4269,14
4270,18
4271,16
4272,18
4273,18
4274,19
4275,10
4276,3
4277,2
4278,14
4279,19
4280,12
4281,14
4282,15
4283,8
4284,9
4285,10
4286,0
4287,18
4288,11
4289,7
4290,3
4291,15
4292,10
4293,9
4294,11
4295,17
4296,17
4297,11
4298,4
4299,0
4300,15
4301,14
4302,5
4303,19
4304,11
4305,10
4306,7
4307,15
4308,11
4309,17
4310,17
4311,18
4312,13
4313,8
4314,18
4315,17
4316,2
4317,2
4318,3
4319,14
4320,10
4321,18
4322,4
4323,2
4324,11
4325,6
4326,4
4327,18
4328,9
4329,5
4330,0
4331,9
4332,15
4333,17
4334,13
4335,7
4336,4
4337,6
4338,7
4339,4
4340,18
4341,11
4342,2
4343,17
4344,9
4345,11
4346,16
4347,15
4348,14
4349,18
4350,13
4351,14
4352,12
4353,2
4354,15
4355,16
4356,1
4357,6
4358,19
4359,10
4360,18
4361,5
4362,9
4363,14
4364,18
4365,12
4366,14
4367,18
4368,17
4369,10
4370,19
4371,5
4372,7
4373,18
4374,8
4375,9
4376,8
4377,11
4378,3
4379,8
4380,2
4381,18
4382,12
4383,5
4384,18
4385,9
4386,14
4387,14
4388,10
4389,8
4390,9
4391,9
4392,7
4393,17
4394,15
4395,13
4396,4
4397,9
4398,11
4399,12
4400,18
4401,7
4402,11
4403,11
4404,12
4405,0
4406,14
4407,18
4408,8
4409,2
4410,1
4411,1
4412,8
4413,17
4414,3
4415,8
4416,13
4417,19
4418,3
4419,4
4420,0
4421,0
4422,9
4423,7
4424,4
4425,9
4426,5
4427,12
4428,10
4429,2
4430,8
4431,5
4432,9
4433,8
4434,0
4435,18
4436,7
4437,4
4438,13
4439,3
4440,11
4441,4
4442,2
4443,1
4444,8
4445,3
4446,12
4447,5
4448,4
4449,17
4450,10
4451,9
4452,8
4453,7
4454,12
4455,17
4456,8
4457,3
4458,5
4459,18
4460,3
4461,14
4462,6
4463,2
4464,18
4465,3
4466,10
4467,2
4468,19
4469,2
4470,4
4471,15
4472,17
4473,13
4474,6
4475,19
4476,9
4477,8
4478,2
4479,0
4480,19
4481,8
4482,2
4483,18
4484,7
4485,18
4486,19
4487,11
4488,8
4489,4
4490,19
4491,14
4492,10
4493,7
4494,0
4495,1
4496,10
4497,12
4498,18
4499,1
4500,2
4501,0
4502,8
4503,3
4504,19
4505,3
4506,12
4507,5
4508,12
4509,4
4510,9
4511,11
4512,9
4513,9
4514,3
4515,4
4516,9
4517,14
4518,11
4519,0
4520,4
4521,11
4522,6
4523,0
4524,8
4525,18
4526,10
4527,17
4528,14
4529,7
4530,9
4531,1
4532,11
4533,14
4534,15
4535,8
4536,8
4537,14
4538,18
4539,8
4540,3
4541,0
4542,19
4543,8
4544,10
4545,17
4546,14
4547,7
4548,1
4549,19
4550,11
4551,7
4552,18
4553,15
4554,7
4555,7
4556,16
4557,2
4558,8
4559,5
4560,7
4561,0
4562,7
4563,0
4564,18
4565,17
4566,1
4567,6
4568,7
4569,5
4570,19
4571,1
4572,12
4573,1
4574,12
4575,17
4576,4
4577,4
4578,2
4579,7
4580,9
4581,9
4582,11
4583,14
4584,3
4585,12
4586,10
4587,7
4588,5
4589,4
4590,9
4591,9
4592,7
4593,9
4594,9
4595,8
4596,9
4597,15
4598,8
4599,17
4600,10
4601,3
4602,12
4603,8
4604,19
4605,18
4606,18
4607,4
4608,7
4609,12
4610,8
4611,7
4612,13
4613,10
4614,11
4615,6
4616,0
4617,0
4618,3
4619,5
4620,5
4621,9
4622,19
4623,1
4624,15
4625,5
4626,1
4627,19
4628,18
4629,6
4630,15
4631,3
4632,2
4633,7
4634,4
4635,12
4636,11
4637,13
4638,17
4639,9
4640,7
4641,6
4642,8
4643,7
4644,2
4645,18
4646,17
4647,9
4648,8
4649,18
4650,17
4651,19
4652,6
4653,5
4654,2
4655,9
4656,18
4657,17
4658,7
4659,1
4660,19
4661,12
4662,5
4663,0
4664,13
4665,9
4666,12
4667,11
4668,17
4669,7
4670,8
4671,2
4672,18
4673,2
4674,15
4675,0
4676,4
4677,17
4678,6
4679,8
4680,12
4681,14
4682,0
4683,6
4684,5
4685,17
4686,8
4687,8
4688,14
4689,9
4690,5
4691,4
4692,10
4693,5
4694,8
4695,0
4696,8
4697,14
4698,1
4699,8
4700,18
4701,10
4702,3
4703,10
4704,2
4705,4
4706,12
4707,8
4708,10
4709,3
4710,3
4711,8
4712,18
4713,9
4714,4
4715,4
4716,15
4717,9
4718,5
4719,19
4720,1
4721,12
4722,8
4723,7
4724,19
4725,10
4726,13
4727,11
4728,4
4729,10
4730,7
4731,8
4732,4
4733,3
4734,7
4735,1
4736,2
4737,6
4738,19
4739,2
4740,8
4741,0
4742,18
4743,18
4744,13
4745,0
4746,11
4747,7
4748,6
4749,7
4750,7
4751,10
4752,10
4753,8
4754,18
4755,12
4756,7
4757,14
4758,7
4759,6
4760,18
4761,2
4762,1
4763,7
4764,7
4765,0
4766,1
4767,8
4768,9
4769,10
4770,9
4771,12
4772,8
4773,10
4774,3
4775,18
4776,6
4777,2
4778,14
4779,5
4780,8
4781,8
4782,0
4783,9
4784,9
4785,12
4786,5
4787,10
4788,4
4789,18
4790,3
4791,1
4792,4
4793,1
4794,9
4795,8
4796,1
4797,6
4798,1
4799,12
4800,8
4801,11
4802,11
4803,4
4804,19
4805,15
4806,18
4807,19
4808,9
4809,11
4810,10
4811,11
4812,15
4813,14
4814,8
4815,16
4816,9
4817,4
4818,17
4819,0
4820,9
4821,6
4822,5
4823,18
4824,5
4825,18
4826,10
4827,18
4828,14
4829,10
4830,6
4831,17
4832,1
4833,2
4834,1
4835,7
4836,14
4837,15
4838,12
4839,15
4840,18
4841,19
4842,14
4843,4
4844,15
4845,14
4846,6
4847,8
4848,6
4849,10
4850,13
4851,12
4852,18
4853,5
4854,11
4855,9
4856,0
4857,7
4858,11
4859,8
4860,9
4861,2
4862,11
4863,7
4864,18
4865,1
4866,17
4867,18
4868,0
4869,12
4870,1
4871,1
4872,2
4873,11
4874,12
4875,6
4876,14
4877,4
4878,0
4879,5
4880,8
4881,14
4882,14
4883,18
4884,17
4885,19
4886,2
4887,0
4888,19
4889,15
4890,15
4891,18
4892,3
4893,8
4894,18
4895,6
4896,7
4897,18
4898,7
4899,8
4900,3
4901,3
4902,18
4903,5
4904,13
4905,15
4906,7
4907,12
4908,19
4909,8
4910,7
4911,18
4912,5
4913,2
4914,0
4915,4
4916,15
4917,17
4918,10
4919,8
4920,6
4921,19
4922,18
4923,1
4924,5
4925,18
4926,8
4927,5
4928,1
4929,19
4930,15
4931,9
4932,1
4933,14
4934,17
4935,19
4936,18
4937,17
4938,8
4939,4
4940,10
4941,19
4942,9
4943,10
4944,9
4945,0
4946,9
4947,7
4948,12
4949,7
4950,10
4951,18
4952,12
4953,1
4954,10
4955,13
4956,15
4957,2
4958,11
4959,0
4960,1
4961,18
4962,0
4963,5
4964,8
4965,2
4966,3
4967,6
4968,11
4969,17
4970,2
4971,3
4972,9
4973,11
4974,2
4975,7
4976,1
4977,10
4978,18
4979,7
4980,1
4981,9
4982,18
4983,4
4984,18
4985,11
4986,1
4987,18
4988,17
4989,10
4990,6
4991,19
4992,0
4993,18
4994,8
4995,7
4996,17
4997,4
4998,7
4999,19
5000,12
5001,11
5002,18
5003,12
5004,2
5005,16
5006,19
5007,18
5008,1
5009,15
5010,18
5011,7
5012,4
5013,15
5014,9
5015,5
5016,4
5017,17
5018,14
5019,1
5020,6
5021,9
5022,8
5023,18
5024,17
5025,9
5026,2
5027,5
5028,6
5029,4
5030,8
5031,16
5032,9
5033,8
5034,14
5035,10
5036,15
5037,4
5038,11
5039,18
5040,2
5041,13
5042,1
5043,4
5044,7
5045,1
5046,12
5047,17
5048,11
5049,0
5050,10
5051,12
5052,11
5053,2
5054,19
5055,0
5056,11
5057,5
5058,17
5059,18
5060,9
5061,9
5062,18
5063,19
5064,13
5065,12
5066,18
5067,19
5068,9
5069,7
5070,1
5071,2
5072,9
5073,1
5074,12
5075,15
5076,15
5077,6
5078,10
5079,0
5080,19
5081,7
5082,9
5083,5
5084,9
5085,7
5086,18
5087,14
5088,8
5089,18
5090,19
5091,19
5092,18
5093,12
5094,9
5095,7
5096,7
5097,9
5098,4
5099,18
5100,19
5101,15
5102,19
5103,0
5104,12
5105,6
5106,5
5107,13
5108,2
5109,2
5110,19
5111,2
5112,10
5113,11
5114,18
5115,11
5116,2
5117,16
5118,3
5119,12
5120,10
5121,5
5122,5
5123,19
5124,7
5125,5
5126,6
5127,13
5128,18
5129,11
5130,14
5131,9
5132,1
5133,8
5134,19
5135,9
5136,18
5137,13
5138,7
5139,18
5140,8
5141,7
5142,12
5143,3
5144,7
5145,3
5146,4
5147,19
5148,8
5149,11
5150,19
5151,6
5152,18
5153,15
5154,12
5155,7
5156,7
5157,8
5158,3
5159,15
5160,8
5161,7
5162,1
5163,6
5164,14
5165,11
5166,18
5167,10
5168,19
5169,19
5170,0
5171,15
5172,0
5173,1
5174,3
5175,18
5176,0
5177,18
5178,7
5179,8
5180,7
5181,7
5182,11
5183,7
5184,2
5185,19
5186,14
5187,8
5188,0
5189,8
5190,9
5191,15
5192,18
5193,13
5194,19
5195,12
5196,3
5197,2
5198,4
5199,5
5200,15
5201,17
5202,14
5203,4
5204,15
5205,18
5206,7
5207,9
5208,4
5209,8
5210,19
5211,15
5212,17
5213,4
5214,6
5215,9
5216,11
5217,12
5218,8
5219,10
5220,14
5221,17
5222,17
5223,1
5224,13
5225,12
5226,11
5227,8
5228,1
5229,15
5230,12
5231,18
5232,2
5233,5
5234,8
5235,0
5236,2
5237,18
5238,16
5239,11
5240,3
5241,17
5242,7
5243,7
5244,0
5245,7
5246,12
5247,18
5248,9
5249,10
5250,8
5251,11
5252,11
5253,6
5254,9
5255,17
5256,15
5257,6
5258,4
5259,18
5260,6
5261,15
5262,15
5263,15
5264,19
5265,10
5266,2
5267,10
5268,9
5269,5
5270,19
5271,6
5272,4
5273,5
5274,1
5275,2
5276,0
5277,10
5278,6
5279,14
5280,17
5281,7
5282,14
5283,5
5284,10
5285,7
5286,15
5287,1
5288,4
5289,9
5290,12
5291,0
5292,3
5293,9
5294,10
5295,7
5296,11
5297,3
5298,9
5299,14
5300,9
5301,5
5302,10
5303,18
5304,15
5305,14
5306,13
5307,9
5308,8
5309,15
5310,17
5311,10
5312,8
5313,18
5314,5
5315,17
5316,12
5317,8
5318,18
5319,15
5320,16
5321,7
5322,10
5323,1
5324,19
5325,3
5326,6
5327,15
5328,13
5329,18
5330,11
5331,17
5332,7
5333,13
5334,6
5335,10
5336,3
5337,18
5338,7
5339,3
5340,18
5341,8
5342,19
5343,15
5344,5
5345,4
5346,13
5347,10
5348,8
5349,15
5350,18
5351,1
5352,8
5353,8
5354,12
5355,7
5356,0
5357,10
5358,6
5359,17
5360,19
5361,9
5362,5
5363,4
5364,5
5365,7
5366,7
5367,15
5368,7
5369,12
5370,9
5371,8
5372,4
5373,15
5374,8
5375,18
5376,17
5377,7
5378,19
5379,16
5380,7
5381,18
5382,11
5383,9
5384,15
5385,7
5386,18
5387,7
5388,11
5389,14
5390,3
5391,1
5392,1
5393,12
5394,17
5395,6
5396,12
5397,1
5398,18
5399,18
5400,1
5401,16
5402,9
5403,2
5404,10
5405,6
5406,9
5407,6
5408,17
5409,8
5410,18
5411,2
5412,2
5413,2
5414,0
5415,7
5416,19
5417,2
5418,2
5419,19
5420,13
5421,18
5422,6
5423,9
5424,18
5425,2
5426,1
5427,8
5428,13
5429,1
5430,5
5431,13
5432,3
5433,12
5434,8
5435,2
5436,18
5437,2
5438,11
5439,9
5440,2
5441,18
5442,11
5443,2
5444,1
5445,4
5446,8
5447,0
5448,8
5449,18
5450,7
5451,1
5452,7
5453,19
5454,0
5455,18
5456,8
5457,6
5458,10
5459,17
5460,0
5461,18
5462,9
5463,3
5464,15
5465,2
5466,17
5467,15
5468,14
5469,8
5470,5
5471,12
5472,7
5473,17
5474,10
5475,7
5476,9
5477,0
5478,18
5479,3
5480,2
5481,5
5482,6
5483,19
5484,19
5485,3
5486,5
5487,3
5488,2
5489,6
5490,11
5491,2
5492,4
5493,9
5494,14
5495,8
5496,17
5497,0
5498,17
5499,7
5500,1
5501,19
5502,6
5503,0
5504,14
5505,13
5506,18
5507,19
5508,11
5509,13
5510,1
5511,18
5512,16
5513,17
5514,3
5515,5
5516,5
5517,17
5518,17
5519,18
5520,17
5521,17
5522,0
5523,2
5524,12
5525,3
5526,19
5527,6
5528,2
5529,9
5530,18
5531,7
5532,0
5533,9
5534,9
5535,18
5536,8
5537,6
5538,8
5539,8
5540,1
5541,19
5542,3
5543,5
5544,11
5545,11
5546,19
5547,4
5548,15
5549,17
5550,2
5551,3
5552,17
5553,7
5554,18
5555,6
5556,2
5557,2
5558,3
5559,10
5560,17
5561,6
5562,2
5563,8
5564,12
5565,18
5566,8
5567,14
5568,12
5569,12
5570,11
5571,16
5572,19
5573,1
5574,13
5575,1
5576,19
5577,1
5578,10
5579,19
5580,17
5581,10
5582,2
5583,1
5584,6
5585,8
5586,7
5587,8
5588,12
5589,6
5590,14
5591,7
5592,17
5593,18
5594,12
5595,18
5596,2
5597,14
5598,12
5599,19
5600,9
5601,17
5602,14
5603,6
5604,8
5605,14
5606,12
5607,12
5608,2
5609,2
5610,7
5611,5
5612,12
5613,18
5614,0
5615,13
5616,18
5617,12
5618,19
5619,5
5620,4
5621,13
5622,9
5623,12
5624,19
5625,17
5626,17
5627,6
5628,2
5629,8
5630,17
5631,8
5632,3
5633,10
5634,19
5635,12
5636,8
5637,17
5638,3
5639,2
5640,5
5641,12
5642,14
5643,7
5644,10
5645,12
5646,6
5647,19
5648,3
5649,8
5650,8
5651,7
5652,6
5653,14
5654,18
5655,10
5656,19
5657,17
5658,10
5659,11
5660,14
5661,18
5662,3
5663,18
5664,4
5665,13
5666,1
5667,9
5668,11
5669,11
5670,7
5671,18
5672,7
5673,11
5674,5
5675,13
5676,19
5677,6
5678,12
5679,3
5680,0
5681,12
5682,12
5683,1
5684,6
5685,10
5686,9
5687,3
5688,12
5689,0
5690,3
5691,8
5692,14
5693,7
5694,14
5695,8
5696,17
5697,12
5698,9
5699,7
5700,7
5701,19
5702,15
5703,9
5704,5
5705,1
5706,0
5707,19
5708,3
5709,0
5710,19
5711,5
5712,9
5713,14
5714,0
5715,5
5716,5
5717,8
5718,13
5719,11
5720,7
5721,15
5722,12
5723,5
5724,19
5725,14
5726,18
5727,1
5728,7
5729,10
5730,12
5731,6
5732,17
5733,11
5734,9
5735,3
5736,11
5737,5
5738,11
5739,2
5740,2
5741,9
5742,0
5743,5
5744,14
5745,7
5746,3
5747,0
5748,5
5749,13
5750,15
5751,10
5752,19
5753,15
5754,8
5755,9
5756,3
5757,17
5758,13
5759,9
5760,19
5761,14
5762,13
5763,7
5764,8
5765,5
5766,13
5767,5
5768,11
5769,2
5770,17
5771,7
5772,18
5773,9
5774,8
5775,18
5776,5
5777,7
5778,2
5779,10
5780,9
5781,18
5782,11
5783,11
5784,2
5785,9
5786,8
5787,2
5788,16
5789,0
5790,8
5791,16
5792,18
5793,19
5794,8
5795,15
5796,10
5797,17
5798,8
5799,19
5800,5
5801,13
5802,6
5803,13
5804,0
5805,3
5806,7
5807,2
5808,7
5809,11
5810,6
5811,9
5812,10
5813,6
5814,3
5815,17
5816,12
5817,8
5818,14
5819,12
5820,17
5821,5
5822,3
5823,18
5824,10
5825,9
5826,13
5827,8
5828,3
5829,13
5830,11
5831,7
5832,4
5833,5
5834,7
5835,10
5836,3
5837,17
5838,14
5839,9
5840,18
5841,19
5842,7
5843,6
5844,5
5845,19
5846,17
5847,8
5848,3
5849,13
5850,0
5851,18
5852,5
5853,3
5854,17
5855,14
5856,16
5857,12
5858,14
5859,17
5860,14
5861,3
5862,1
5863,19
5864,5
5865,5
5866,7
5867,14
5868,0
5869,10
5870,12
5871,2
5872,14
5873,2
5874,4
5875,14
5876,19
5877,1
5878,4
5879,7
5880,5
5881,4
5882,8
5883,17
5884,9
5885,1
5886,3
5887,10
5888,17
5889,1
5890,6
5891,7
5892,6
5893,14
5894,14
5895,0
5896,3
5897,9
5898,15
5899,5
5900,12
5901,7
5902,18
5903,5
5904,14
5905,9
5906,18
5907,10
5908,5
5909,18
5910,13
5911,6
5912,10
5913,14
5914,4
5915,11
5916,8
5917,4
5918,12
5919,14
5920,9
5921,9
5922,12
5923,17
5924,9
5925,18
5926,12
5927,12
5928,18
5929,8
5930,5
5931,5
5932,9
5933,8
5934,4
5935,19
5936,2
5937,1
5938,8
5939,8
5940,2
5941,1
5942,19
5943,17
5944,18
5945,17
5946,3
5947,8
5948,3
5949,18
5950,18
5951,11
5952,7
5953,7
5954,11
5955,15
5956,14
5957,19
5958,15
5959,4
5960,3
5961,2
5962,5
5963,18
5964,0
5965,14
5966,19
5967,14
5968,19
5969,1
5970,10
5971,12
5972,8
5973,7
5974,8
5975,8
5976,10
5977,9
5978,9
5979,7
5980,14
5981,10
5982,0
5983,3
5984,19
5985,7
5986,7
5987,17
5988,9
5989,12
5990,0
5991,18
5992,13
5993,9
5994,18
5995,3
5996,12
5997,0
5998,8
5999,7
6000,19
6001,8
6002,9
6003,2
6004,17
6005,1
6006,14
6007,18
6008,9
6009,12
6010,6
6011,8
6012,6
6013,7
6014,9
6015,8
6016,2
6017,19
6018,3
6019,6
6020,17
6021,15
6022,7
6023,13
6024,18
6025,1
6026,14
6027,5
6028,5
6029,8
6030,3
6031,9
6032,6
6033,13
6034,3
6035,9
6036,19
6037,18
6038,4
6039,15
6040,1
6041,18
6042,1
6043,15
6044,0
6045,3
6046,6
6047,10
6048,19
6049,17
6050,11
6051,10
6052,19
6053,19
6054,2
6055,18
6056,2
6057,7
6058,3
6059,0
6060,8
6061,12
6062,17
6063,12
6064,12
6065,7
6066,13
6067,11
6068,10
6069,9
6070,16
6071,18
6072,17
6073,7
6074,7
6075,7
6076,7
6077,18
6078,10
6079,5
6080,18
6081,1
6082,8
6083,18
6084,1
6085,1
6086,3
6087,1
6088,12
6089,18
6090,7
6091,8
6092,2
6093,18
6094,6
6095,18
6096,16
6097,7
6098,17
6099,5
6100,12
6101,8
6102,16
6103,3
6104,11
6105,17
6106,6
6107,18
6108,15
6109,5
6110,12
6111,4
6112,17
6113,18
6114,8
6115,15
6116,14
6117,9
6118,4
6119,8
6120,1
6121,1
6122,7
6123,18
6124,0
6125,7
6126,18
6127,18
6128,6
6129,5
6130,0
6131,2
6132,1
6133,8
6134,15
6135,5
6136,2
6137,2
6138,6
6139,11
6140,0
6141,9
6142,13
6143,14
6144,8
6145,17
6146,3
6147,0
6148,3
6149,14
6150,2
6151,10
6152,4
6153,2
6154,17
6155,8
6156,3
6157,12
6158,19
6159,12
6160,14
6161,7
6162,15
6163,17
6164,18
6165,12
6166,18
6167,15
6168,1
6169,12
6170,14
6171,13
6172,6
6173,6
6174,4
6175,2
6176,7
6177,18
6178,4
6179,2
6180,13
6181,2
6182,10
6183,9
6184,19
6185,12
6186,18
6187,9
6188,0
6189,5
6190,19
6191,7
6192,19
6193,15
6194,3
6195,12
6196,14
6197,18
6198,12
6199,2
6200,6
6201,14
6202,14
6203,17
6204,8
6205,6
6206,10
6207,7
6208,10
6209,19
6210,11
6211,12
6212,7
6213,16
6214,14
6215,17
6216,19
6217,11
6218,15
6219,6
6220,17
6221,14
6222,15
6223,0
6224,13
6225,9
6226,7
6227,3
6228,19
6229,3
6230,13
6231,14
6232,17
6233,1
6234,8
6235,8
6236,8
6237,6
6238,15
6239,1
6240,5
6241,8
6242,10
6243,5
6244,4
6245,8
6246,10
6247,7
6248,2
6249,2
6250,5
6251,14
6252,17
6253,12
6254,0
6255,18
6256,5
6257,3
6258,1
6259,14
6260,17
6261,12
6262,8
6263,2
6264,7
6265,14
6266,19
6267,8
6268,8
6269,11
6270,12
6271,10
6272,18
6273,9
6274,7
6275,7
6276,1
6277,12
6278,3
6279,19
6280,8
6281,5
6282,19
6283,14
6284,10
6285,16
6286,6
6287,2
6288,8
6289,11
6290,1
6291,15
6292,17
6293,14
6294,8
6295,18
6296,17
6297,6
6298,5
6299,9
6300,7
6301,8
6302,2
6303,9
6304,8
6305,18
6306,15
6307,17
6308,2
6309,14
6310,17
6311,9
6312,10
6313,3
6314,2
6315,12
6316,8
6317,5
6318,12
6319,9
6320,0
6321,14
6322,11
6323,6
6324,18
6325,14
6326,8
6327,13
6328,6
6329,5
6330,2
6331,3
6332,16
6333,3
6334,8
6335,6
6336,9
6337,11
6338,11
6339,9
6340,4
6341,3
6342,7
6343,2
6344,4
6345,8
6346,9
6347,7
6348,12
6349,6
6350,1
6351,8
6352,5
6353,5
6354,6
6355,2
6356,18
6357,9
6358,9
6359,8
6360,1
6361,19
6362,9
6363,8
6364,18
6365,17
6366,7
6367,5
6368,7
6369,19
6370,18
6371,3
6372,3
6373,18
6374,4
6375,0
6376,12
6377,2
6378,5
6379,18
6380,14
6381,1
6382,5
6383,7
6384,14
6385,10
6386,10
6387,17
6388,12
6389,12
6390,0
6391,14
6392,6
6393,17
6394,9
6395,7
6396,3
6397,7
6398,14
6399,12
6400,10
6401,8
6402,11
6403,5
6404,18
6405,18
6406,15
6407,2
6408,19
6409,19
6410,10
6411,12
6412,17
6413,1
6414,7
6415,1
6416,18
6417,11
6418,10
6419,0
6420,7
6421,5
6422,17
6423,1
6424,9
6425,4
6426,18
6427,15
6428,12
6429,18
6430,19
6431,5
6432,1
6433,9
6434,6
6435,0
6436,8
6437,0
6438,8
6439,2
6440,19
6441,6
6442,14
6443,3
6444,9
6445,2
6446,4
6447,8
6448,15
6449,2
6450,18
6451,17
6452,16
6453,18
6454,18
6455,5
6456,0
6457,2
6458,4
6459,12
6460,17
6461,8
6462,14
6463,8
6464,12
6465,2
6466,9
6467,9
6468,18
6469,10
6470,18
6471,8
6472,12
6473,3
6474,17
6475,7
6476,2
6477,0
6478,10
6479,10
6480,9
6481,2
6482,18
6483,19
6484,19
6485,6
6486,7
6487,3
6488,3
6489,5
6490,15
6491,7
6492,18
6493,6
6494,8
6495,19
6496,19
6497,4
6498,19
6499,5
6500,18
6501,13
6502,1
6503,3
6504,7
6505,17
6506,2
6507,9
6508,18
6509,1
6510,9
6511,8
6512,2
6513,0
6514,3
6515,15
6516,12
6517,8
6518,18
6519,8
6520,2
6521,8
6522,14
6523,1
6524,13
6525,4
6526,7
6527,3
6528,17
6529,13
6530,13
6531,8
6532,7
6533,10
6534,6
6535,14
6536,9
6537,18
6538,0
6539,12
6540,8
6541,17
6542,15
6543,8
6544,2
6545,6
6546,9
6547,9
6548,6
6549,9
6550,17
6551,11
6552,19
6553,0
6554,19
6555,3
6556,1
6557,18
6558,4
6559,3
6560,15
6561,12
6562,13
6563,12
6564,17
6565,3
6566,17
6567,5
6568,3
6569,3
6570,7
6571,0
6572,0
6573,7
6574,10
6575,1
6576,4
6577,9
6578,8
6579,7
6580,12
6581,15
6582,13
6583,0
6584,2
6585,8
6586,11
6587,11
6588,17
6589,3
6590,16
6591,2
6592,7
6593,2
6594,7
6595,11
6596,7
6597,8
6598,5
6599,12
6600,6
6601,13
6602,0
6603,6
6604,0
6605,17
6606,8
6607,4
6608,0
6609,3
6610,9
6611,6
6612,9
6613,8
6614,17
6615,12
6616,13
6617,13
6618,3
6619,8
6620,15
6621,12
6622,2
6623,19
6624,8
6625,17
6626,9
6627,3
6628,2
6629,8
6630,18
6631,12
6632,1
6633,15
6634,0
6635,13
6636,4
6637,0
6638,4
6639,17
6640,19
6641,7
6642,8
6643,4
6644,18
6645,4
6646,9
6647,15
6648,0
6649,16
6650,14
6651,8
6652,6
6653,9
6654,18
6655,3
6656,3
6657,10
6658,18
6659,12
6660,9
6661,1
6662,1
6663,7
6664,5
6665,7
6666,19
6667,1
6668,10
6669,18
6670,1
6671,17
6672,8
6673,19
6674,9
6675,15
6676,9
6677,9
6678,14
6679,18
6680,2
6681,6
6682,18
6683,14
6684,14
6685,18
6686,12
6687,2
6688,13
6689,9
6690,7
6691,12
6692,16
6693,13
6694,6
6695,10
6696,18
6697,9
6698,8
6699,12
6700,10
6701,12
6702,11
6703,0
6704,19
6705,7
6706,13
6707,13
6708,17
6709,1
6710,7
6711,3
6712,1
6713,12
6714,10
6715,10
6716,8
6717,19
6718,8
6719,9
6720,18
6721,9
6722,9
6723,3
6724,4
6725,0
6726,18
6727,7
6728,3
6729,16
6730,9
6731,17
6732,10
6733,12
6734,8
6735,9
6736,17
6737,15
6738,18
6739,8
6740,1
6741,11
6742,10
6743,7
6744,7
6745,19
6746,12
6747,10
6748,6
6749,12
6750,5
6751,2
6752,14
6753,2
6754,7
6755,2
6756,12
6757,15
6758,16
6759,6
6760,0
6761,11
6762,7
6763,18
6764,5
6765,4
6766,11
6767,12
6768,8
6769,10
6770,7
6771,2
6772,7
6773,2
6774,11
6775,18
6776,1
6777,17
6778,8
6779,19
6780,9
6781,9
6782,0
6783,19
6784,14
6785,17
6786,8
6787,6
6788,19
6789,14
6790,18
6791,8
6792,5
6793,15
6794,7
6795,15
6796,8
6797,8
6798,10
6799,11
6800,3
6801,15
6802,9
6803,10
6804,17
6805,5
6806,8
6807,4
6808,2
6809,3
6810,13
6811,4
6812,17
6813,13
6814,4
6815,14
6816,12
6817,18
6818,7
6819,14
6820,6
6821,13
6822,8
6823,13
6824,7
6825,6
6826,5
6827,18
6828,7
6829,10
6830,0
6831,19
6832,17
6833,17
6834,7
6835,3
6836,7
6837,14
6838,2
6839,14
6840,6
6841,15
6842,17
6843,14
6844,17
6845,0
6846,9
6847,1
6848,9
6849,9
6850,9
6851,8
6852,2
6853,19
6854,6
6855,19
6856,15
6857,9
6858,2
6859,5
6860,6
6861,12
6862,17
6863,18
6864,13
6865,1
6866,18
6867,4
6868,19
6869,6
6870,6
6871,12
6872,2
6873,7
6874,12
6875,11
6876,14
6877,7
6878,19
6879,2
6880,11
6881,9
6882,9
6883,7
6884,5
6885,19
6886,12
6887,10
6888,7
6889,17
6890,11
6891,6
6892,15
6893,7
6894,3
6895,14
6896,8
6897,5
6898,13
6899,15
6900,17
6901,18
6902,18
6903,11
6904,10
6905,13
6906,19
6907,3
6908,17
6909,19
6910,14
6911,11
6912,9
6913,7
6914,12
6915,1
6916,19
6917,11
6918,8
6919,14
6920,18
6921,19
6922,13
6923,8
6924,14
6925,10
6926,12
6927,10
6928,19
6929,4
6930,13
6931,12
6932,6
6933,12
6934,15
6935,18
6936,7
6937,11
6938,0
6939,7
6940,9
6941,18
6942,15
6943,3
6944,6
6945,15
6946,7
6947,2
6948,19
6949,15
6950,15
6951,12
6952,9
6953,1
6954,10
6955,7
6956,7
6957,2
6958,17
6959,8
6960,1
6961,12
6962,18
6963,4
6964,6
6965,9
6966,6
6967,8
6968,1
6969,3
6970,8
6971,12
6972,0
6973,4
6974,2
6975,11
6976,10
6977,8
6978,6
6979,15
6980,8
6981,9
6982,5
6983,12
6984,9
6985,9
6986,0
6987,13
6988,17
6989,11
6990,8
6991,18
6992,5
6993,17
6994,8
6995,1
6996,1
6997,1
6998,6
6999,2
7000,5
7001,15
7002,17
7003,6
7004,18
7005,0
7006,12
7007,19
7008,10
7009,14
7010,14
7011,8
7012,1
7013,1
7014,9
7015,7
7016,1
7017,14
7018,7
7019,13
7020,1
7021,0
7022,4
7023,2
7024,19
7025,18
7026,9
7027,0
7028,18
7029,2
7030,14
7031,8
7032,6
7033,9
7034,9
7035,18
7036,13
7037,0
7038,0
7039,10
7040,3
7041,9
7042,0
7043,13
7044,18
7045,3
7046,5
7047,8
7048,6
7049,9
7050,16
7051,10
7052,7
7053,15
7054,4
7055,1
7056,5
7057,0
7058,14
7059,10
7060,9
7061,5
7062,2
7063,2
7064,18
7065,3
7066,9
7067,14
7068,7
7069,15
7070,9
7071,18
7072,14
7073,18
7074,18
7075,12
7076,10
7077,10
7078,12
7079,18
7080,12
7081,19
7082,15
7083,19
7084,11
7085,7
7086,19
7087,13
7088,9
7089,11
7090,0
7091,2
7092,9
7093,13
7094,15
7095,10
7096,9
7097,14
7098,2
7099,8
7100,9
7101,9
7102,5
7103,14
7104,4
7105,2
7106,6
7107,15
7108,13
7109,5
7110,2
7111,3
7112,19
7113,8
7114,17
7115,3
7116,8
7117,7
7118,7
7119,18
7120,10
7121,11
7122,14
7123,1
7124,12
7125,8
7126,19
7127,9
7128,19
7129,8
7130,10
7131,6
7132,8
7133,7
7134,12
7135,4
7136,1
7137,7
7138,12
7139,12
7140,0
7141,11
7142,13
7143,2
7144,2
7145,19
7146,11
7147,16
7148,8
7149,17
7150,17
7151,14
7152,11
7153,1
7154,5
7155,12
7156,18
7157,14
7158,7
7159,18
7160,10
7161,2
7162,14
7163,6
7164,19
7165,3
7166,18
7167,12
7168,8
7169,2
7170,10
7171,7
7172,9
7173,11
7174,14
7175,12
7176,1
7177,19
7178,17
7179,3
7180,13
7181,19
7182,11
7183,18
7184,2
7185,1
7186,10
7187,6
7188,0
7189,11
7190,18
7191,7
7192,10
7193,3
7194,7
7195,19
7196,6
7197,15
7198,8
7199,4
7200,1
7201,3
7202,11
7203,5
7204,14
7205,12
7206,12
7207,0
7208,3
7209,14
7210,6
7211,11
7212,6
7213,19
7214,19
7215,4
7216,7
7217,17
7218,2
7219,5
7220,9
7221,17
7222,18
7223,12
7224,2
7225,14
7226,10
7227,0
7228,8
7229,2
7230,7
7231,4
7232,15
7233,2
7234,10
7235,4
7236,3
7237,2
7238,9
7239,17
7240,8
7241,5
7242,3
7243,9
7244,17
7245,6
7246,14
7247,3
7248,12
7249,5
7250,9
7251,3
7252,14
7253,6
7254,11
7255,17
7256,11
7257,18
7258,14
7259,7
7260,14
7261,6
7262,5
7263,3
7264,9
7265,9
7266,9
7267,6
7268,19
7269,9
7270,1
7271,15
7272,1
7273,4
7274,9
7275,2
7276,15
7277,16
7278,9
7279,3
7280,6
7281,12
7282,18
7283,18
7284,7
7285,16
7286,3
7287,10
7288,18
7289,12
7290,10
7291,9
7292,18
7293,14
7294,7
7295,0
7296,11
7297,10
7298,12
7299,0
7300,4
7301,8
7302,9
7303,1
7304,13
7305,10
7306,7
7307,9
7308,8
7309,6
7310,12
7311,3
7312,16
7313,12
7314,19
7315,6
7316,7
7317,1
7318,8
7319,17
7320,9
7321,18
7322,4
7323,7
7324,9
7325,10
7326,12
7327,7
7328,5
7329,10
7330,12
7331,8
7332,3
7333,18
7334,9
7335,14
7336,3
7337,19
7338,18
7339,19
7340,1
7341,7
7342,6
7343,17
7344,12
7345,7
7346,0
7347,15
7348,0
7349,4
7350,9
7351,2
7352,14
7353,17
7354,13
7355,15
7356,18
7357,16
7358,0
7359,9
7360,7
7361,3
7362,3
7363,4
7364,4
7365,18
7366,3
7367,12
7368,10
7369,12
7370,2
7371,2
7372,9
7373,18
7374,19
7375,17
7376,17
7377,12
7378,12
7379,5
7380,6
7381,0
7382,5
7383,3
7384,5
7385,3
7386,1
7387,1
7388,8
7389,4
7390,12
7391,6
7392,13
7393,8
7394,12
7395,13
7396,10
7397,19
7398,4
7399,12
7400,3
7401,8
7402,11
7403,14
7404,5
7405,12
7406,3
7407,1
7408,9
7409,15
7410,7
7411,19
7412,5
7413,4
7414,1
7415,19
7416,18
7417,0
7418,18
7419,18
7420,7
7421,8
7422,15
7423,6
7424,17
7425,7
7426,19
7427,18
7428,17
7429,8
7430,14
7431,17
7432,17
7433,13
7434,5
7435,0
7436,9
7437,2
7438,9
7439,14
7440,14
7441,10
7442,13
7443,2
7444,14
7445,15
7446,18
7447,19
7448,14
7449,4
7450,15
7451,14
7452,19
7453,12
7454,11
7455,4
7456,5
7457,2
7458,1
7459,5
7460,0
7461,12
7462,0
7463,12
7464,17
7465,17
7466,18
7467,8
7468,17
7469,14
7470,15
7471,18
7472,9
7473,7
7474,1
7475,0
7476,14
7477,17
7478,1
7479,0
7480,6
7481,10
7482,4
7483,5
7484,11
7485,4
7486,7
7487,5
7488,9
7489,3
7490,1
7491,15
7492,4
7493,7
7494,9
7495,11
7496,5
7497,0
7498,13
7499,8
7500,7
7501,17
7502,10
7503,19
7504,2
7505,5
7506,14
7507,12
7508,19
7509,17
7510,16
7511,2
7512,2
7513,15
7514,0
7515,0
7516,3
7517,6
7518,19
7519,17
7520,18
7521,10
7522,17
7523,8
7524,5
7525,18
7526,12
7527,3
7528,11
7529,9
7530,17
7531,15
7532,0
7533,11
7534,14
7535,5
7536,0
7537,10
7538,18
7539,3
7540,2
7541,3
7542,18
7543,3
7544,4
7545,11
7546,18
7547,18
7548,1
7549,14
7550,17
7551,6
7552,11
7553,10
7554,2
7555,2
7556,8
7557,5
7558,7
7559,6
7560,7
7561,10
7562,11
7563,12
7564,19
7565,3
7566,9
7567,18
7568,15
7569,18
7570,1
7571,7
7572,1
7573,19
7574,1
7575,8
7576,2
7577,18
7578,10
7579,18
7580,8
7581,5
7582,11
7583,10
7584,4
7585,10
7586,9
7587,6
7588,7
7589,11
7590,5
7591,19
7592,6
7593,12
7594,18
7595,4
7596,10
7597,7
7598,9
7599,8
7600,14
7601,17
7602,3
7603,0
7604,0
7605,9
7606,0
7607,13
7608,6
7609,3
7610,15
7611,10
7612,6
7613,1
7614,19
7615,12
7616,12
7617,8
7618,12
7619,19
7620,5
7621,18
7622,2
7623,19
7624,5
7625,7
7626,3
7627,4
7628,8
7629,19
7630,11
7631,17
7632,18
7633,12
7634,15
7635,14
7636,13
7637,17
7638,0
7639,8
7640,12
7641,2
7642,10
7643,19
7644,17
7645,18
7646,18
7647,10
7648,8
7649,1
7650,5
7651,7
7652,15
7653,2
7654,14
7655,9
7656,5
7657,15
7658,1
7659,12
7660,19
7661,8
7662,14
7663,8
7664,7
7665,4
7666,7
7667,7
7668,8
7669,0
7670,8
7671,8
7672,7
7673,12
7674,12
7675,10
7676,19
7677,2
7678,15
7679,11
7680,4
7681,19
7682,9
7683,15
7684,12
7685,8
7686,8
7687,12
7688,10
7689,14
7690,11
7691,16
7692,3
7693,15
7694,14
7695,9
7696,14
7697,7
7698,13
7699,3
7700,8
7701,3
7702,8
7703,7
7704,5
7705,18
7706,15
7707,15
7708,2
7709,17
7710,17
7711,19
7712,8
7713,6
7714,15
7715,11
7716,14
7717,12
7718,5
7719,3
7720,7
7721,18
7722,19
7723,11
7724,3
7725,18
7726,9
7727,8
7728,15
7729,1
7730,6
7731,8
7732,10
7733,13
7734,18
7735,7
7736,18
7737,5
7738,3
7739,2
7740,17
7741,14
7742,12
7743,13
7744,1
7745,18
7746,3
7747,0
7748,6
7749,5
7750,17
7751,7
7752,7
7753,11
7754,1
7755,19
7756,8
7757,18
7758,14
7759,8
7760,18
7761,11
7762,2
7763,15
7764,15
7765,7
7766,6
7767,8
7768,1
7769,17
7770,8
7771,18
7772,7
7773,10
7774,5
7775,6
7776,0
7777,18
7778,2
7779,6
7780,2
7781,15
7782,7
7783,19
7784,15
7785,10
7786,5
7787,12
7788,6
7789,7
7790,9
7791,4
7792,15
7793,2
7794,8
7795,12
7796,7
7797,5
7798,12
7799,14
7800,19
7801,6
7802,14
7803,15
7804,11
7805,9
7806,9
7807,7
7808,10
7809,19
7810,4
7811,18
7812,5
7813,5
7814,7
7815,18
7816,8
7817,18
7818,9
7819,18
7820,1
7821,2
7822,1
7823,8
7824,3
7825,11
7826,4
7827,0
7828,17
7829,7
7830,1
7831,9
7832,13
7833,14
7834,4
7835,7
7836,5
7837,2
7838,12
7839,11
7840,2
7841,12
7842,19
7843,11
7844,14
7845,8
7846,11
7847,9
7848,8
7849,3
7850,0
7851,5
7852,6
7853,2
7854,3
7855,18
7856,3
7857,8
7858,17
7859,5
7860,7
7861,3
7862,10
7863,1
7864,12
7865,18
7866,0
7867,12
7868,17
7869,8
7870,18
7871,2
7872,0
7873,7
7874,8
7875,19
7876,2
7877,6
7878,4
7879,18
7880,12
7881,3
7882,7
7883,8
7884,19
7885,10
7886,7
7887,5
7888,3
7889,0
7890,16
7891,6
7892,6
7893,2
7894,7
7895,12
7896,10
7897,19
7898,11
7899,13
7900,7
7901,8
7902,2
7903,9
7904,7
7905,10
7906,16
7907,7
7908,17
7909,4
7910,10
7911,18
7912,18
7913,18
7914,7
7915,18
7916,6
7917,2
7918,0
7919,7
7920,1
7921,8
7922,14
7923,4
7924,9
7925,6
7926,7
7927,0
7928,8
7929,19
7930,7
7931,18
7932,14
7933,5
7934,1
7935,5
7936,8
7937,18
7938,18
7939,18
7940,17
7941,8
7942,1
7943,1
7944,10
7945,7
7946,10
7947,17
7948,9
7949,10
7950,17
7951,8
7952,0
7953,3
7954,1
7955,8
7956,11
7957,5
7958,18
7959,15
7960,4
7961,8
7962,4
7963,5
7964,3
7965,14
7966,7
7967,7
7968,2
7969,2
7970,11
7971,14
7972,1
7973,11
7974,4
7975,8
7976,17
7977,16
7978,2
7979,5
7980,2
7981,7
7982,3
7983,8
7984,2
7985,17
7986,14
7987,7
7988,11
7989,7
7990,6
7991,17
7992,6
7993,9
7994,4
7995,3
7996,18
7997,2
7998,8
7999,9
8000,18
8001,3
8002,13
8003,19
8004,3
8005,8
8006,10
8007,15
8008,7
8009,5
8010,13
8011,10
8012,6
8013,14
8014,19
8015,7
8016,19
8017,12
8018,8
8019,6
8020,1
8021,2
8022,0
8023,11
8024,7
8025,10
8026,14
8027,4
8028,6
8029,2
8030,4
8031,7
8032,12
8033,19
8034,17
8035,5
8036,18
8037,1
8038,7
8039,9
8040,11
8041,11
8042,10
8043,9
8044,19
8045,5
8046,11
8047,9
8048,0
8049,9
8050,4
8051,10
8052,1
8053,19
8054,0
8055,18
8056,2
8057,0
8058,4
8059,18
8060,5
8061,14
8062,8
8063,3
8064,17
8065,1
8066,8
8067,9
8068,2
8069,9
8070,0
8071,11
8072,2
8073,12
8074,10
8075,17
8076,11
8077,1
8078,16
8079,14
8080,18
8081,7
8082,0
8083,4
8084,15
8085,9
8086,7
8087,7
8088,0
8089,2
8090,19
8091,7
8092,17
8093,18
8094,18
8095,10
8096,11
8097,19
8098,12
8099,11
8100,10
8101,0
8102,12
8103,12
8104,13
8105,18
8106,12
8107,9
8108,3
8109,19
8110,17
8111,18
8112,7
8113,18
8114,19
8115,5
8116,6
8117,4
8118,0
8119,10
8120,5
8121,4
8122,18
8123,0
8124,0
8125,8
8126,9
8127,15
8128,12
8129,3
8130,4
8131,9
8132,14
8133,12
8134,18
8135,1
8136,19
8137,14
8138,17
8139,1
8140,8
8141,6
8142,8
8143,8
8144,7
8145,19
8146,8
8147,17
8148,3
8149,17
8150,0
8151,6
8152,11
8153,14
8154,8
8155,5
8156,5
8157,12
8158,1
8159,18
8160,0
8161,3
8162,15
8163,19
8164,18
8165,19
8166,15
8167,18
8168,7
8169,17
8170,1
8171,14
8172,9
8173,12
8174,4
8175,9
8176,8
8177,17
8178,7
8179,9
8180,2
8181,6
8182,12
8183,18
8184,9
8185,6
8186,5
8187,18
8188,17
8189,4
8190,12
8191,11
8192,14
8193,17
8194,4
8195,19
8196,4
8197,14
8198,17
8199,19
8200,11
8201,14
8202,16
8203,5
8204,3
8205,3
8206,9
8207,19
8208,19
8209,18
8210,18
8211,18
8212,2
8213,7
8214,3
8215,12
8216,8
8217,10
8218,14
8219,9
8220,4
8221,15
8222,11
8223,17
8224,15
8225,6
8226,9
8227,6
8228,14
8229,17
8230,0
8231,17
8232,12
8233,12
8234,11
8235,1
8236,8
8237,12
8238,12
8239,17
8240,18
8241,14
8242,15
8243,2
8244,16
8245,18
8246,9
8247,7
8248,18
8249,7
8250,18
8251,17
8252,8
8253,0
8254,13
8255,4
8256,19
8257,4
8258,15
8259,18
8260,7
8261,2
8262,1
8263,19
8264,15
8265,2
8266,1
8267,1
8268,10
8269,14
8270,14
8271,18
8272,4
8273,9
8274,9
8275,7
8276,5
8277,6
8278,3
8279,3
8280,8
8281,13
8282,0
8283,2
8284,12
8285,7
8286,7
8287,14
8288,19
8289,18
8290,19
8291,7
8292,5
8293,8
8294,19
8295,18
8296,0
8297,9
8298,6
8299,4
8300,2
8301,7
8302,3
8303,5
8304,2
8305,17
8306,10
8307,11
8308,7
8309,11
8310,8
8311,7
8312,18
8313,10
8314,11
8315,11
8316,19
8317,5
8318,15
8319,2
8320,18
8321,18
8322,11
8323,7
8324,7
8325,11
8326,9
8327,8
8328,12
8329,5
8330,12
8331,19
8332,3
8333,4
8334,14
8335,12
8336,0
8337,19
8338,18
8339,2
8340,18
8341,18
8342,18
8343,13
8344,3
8345,18
8346,0
8347,4
8348,3
8349,17
8350,12
8351,9
8352,12
8353,5
8354,17
8355,7
8356,19
8357,1
8358,3
8359,2
8360,4
8361,0
8362,14
8363,8
8364,9
8365,14
8366,17
8367,18
8368,9
8369,15
8370,8
8371,18
8372,0
8373,6
8374,15
8375,19
8376,11
8377,18
8378,17
8379,14
8380,17
8381,0
8382,14
8383,14
8384,18
8385,6
8386,9
8387,9
8388,9
8389,2
8390,16
8391,14
8392,0
8393,0
8394,3
8395,1
8396,14
8397,8
8398,11
8399,19
8400,1
8401,9
8402,13
8403,8
8404,7
8405,8
8406,18
8407,8
8408,7
8409,14
8410,15
8411,14
8412,1
8413,18
8414,11
8415,6
8416,4
8417,8
8418,5
8419,3
8420,9
8421,17
8422,14
8423,1
8424,12
8425,9
8426,10
8427,10
8428,17
8429,11
8430,2
8431,9
8432,6
8433,2
8434,10
8435,15
8436,4
8437,8
8438,12
8439,5
8440,3
8441,14
8442,10
8443,0
8444,7
8445,18
8446,6
8447,17
8448,5
8449,12
8450,0
8451,10
8452,12
8453,17
8454,18
8455,0
8456,11
8457,8
8458,10
8459,7
8460,11
8461,8
8462,16
8463,17
8464,7
8465,7
8466,6
8467,12
8468,5
8469,4
8470,7
8471,0
8472,11
8473,5
8474,11
8475,1
8476,9
8477,18
8478,2
8479,15
8480,2
8481,1
8482,9
8483,12
8484,7
8485,7
8486,8
8487,10
8488,14
8489,0
8490,12
8491,3
8492,13
8493,12
8494,18
8495,12
8496,14
8497,8
8498,11
8499,5
8500,19
8501,11
8502,7
8503,17
8504,5
8505,8
8506,18
8507,18
8508,14
8509,17
8510,6
8511,5
8512,12
8513,8
8514,18
8515,7
8516,9
8517,7
8518,9
8519,3
8520,1
8521,1
8522,7
8523,15
8524,0
8525,12
8526,17
8527,7
8528,10
8529,13
8530,17
8531,19
8532,5
8533,12
8534,5
8535,3
8536,7
8537,14
8538,12
8539,7
8540,5
8541,0
8542,11
8543,8
8544,11
8545,18
8546,19
8547,7
8548,11
8549,7
8550,0
8551,5
8552,7
8553,17
8554,9
8555,14
8556,8
8557,15
8558,19
8559,8
8560,14
8561,4
8562,19
8563,0
8564,4
8565,3
8566,10
8567,8
8568,9
8569,3
8570,2
8571,2
8572,18
8573,14
8574,7
8575,17
8576,3
8577,3
8578,0
8579,15
8580,12
8581,17
8582,17
8583,3
8584,17
8585,1
8586,5
8587,10
8588,9
8589,9
8590,17
8591,6
8592,18
8593,3
8594,7
8595,17
8596,16
8597,18
8598,12
8599,11
8600,1
8601,12
8602,2
8603,12
8604,17
8605,11
8606,19
8607,12
8608,12
8609,7
8610,9
8611,5
8612,15
8613,18
8614,6
8615,3
8616,4
8617,18
8618,3
8619,12
8620,17
8621,14
8622,11
8623,17
8624,2
8625,11
8626,7
8627,13
8628,4
8629,18
8630,12
8631,17
8632,18
8633,12
8634,8
8635,11
8636,9
8637,10
8638,4
8639,7
8640,4
8641,1
8642,4
8643,12
8644,8
8645,5
8646,19
8647,17
8648,14
8649,11
8650,0
8651,12
8652,8
8653,18
8654,19
8655,6
8656,9
8657,6
8658,3
8659,12
8660,0
8661,7
8662,8
8663,5
8664,8
8665,14
8666,11
8667,18
8668,3
8669,8
8670,17
8671,19
8672,10
8673,9
8674,8
8675,9
8676,2
8677,2
8678,7
8679,14
8680,17
8681,14
8682,8
8683,12
8684,7
8685,4
8686,0
8687,15
8688,4
8689,18
8690,6
8691,8
8692,11
8693,15
8694,19
8695,8
8696,19
8697,12
8698,7
8699,19
8700,9
8701,10
8702,9
8703,1
8704,1
8705,1
8706,0
8707,13
8708,0
8709,7
8710,17
8711,9
8712,12
8713,2
8714,10
8715,11
8716,5
8717,1
8718,9
8719,11
8720,19
8721,7
8722,17
8723,11
8724,0
8725,18
8726,8
8727,17
8728,0
8729,9
8730,8
8731,5
8732,18
8733,8
8734,9
8735,0
8736,0
8737,1
8738,17
8739,12
8740,17
8741,18
8742,9
8743,15
8744,12
8745,8
8746,19
8747,9
8748,17
8749,8
8750,1
8751,19
8752,3
8753,12
8754,9
8755,2
8756,18
8757,8
8758,18
8759,2
8760,17
8761,12
8762,8
8763,18
8764,2
8765,18
8766,8
8767,8
8768,18
8769,8
8770,5
8771,10
8772,6
8773,1
8774,6
8775,16
8776,17
8777,12
8778,9
8779,14
8780,9
8781,15
8782,4
8783,1
8784,19
8785,2
8786,10
8787,15
8788,7
8789,6
8790,12
8791,9
8792,12
8793,10
8794,6
8795,2
8796,13
8797,17
8798,5
8799,6
8800,1
8801,4
8802,3
8803,8
8804,13
8805,8
8806,7
8807,7
8808,18
8809,18
8810,4
8811,2
8812,19
8813,9
8814,13
8815,10
8816,14
8817,7
8818,13
8819,9
8820,18
8821,18
8822,0
8823,11
8824,19
8825,8
8826,8
8827,1
8828,7
8829,7
8830,18
8831,19
8832,4
8833,0
8834,0
8835,2
8836,18
8837,6
8838,2
8839,15
8840,8
8841,8
8842,0
8843,18
8844,2
8845,8
8846,8
8847,0
8848,11
8849,12
8850,12
8851,2
8852,5
8853,17
8854,8
8855,12
8856,17
8857,12
8858,5
8859,17
8860,19
8861,8
8862,9
8863,2
8864,7
8865,4
8866,5
8867,10
8868,18
8869,5
8870,9
8871,7
8872,5
8873,8
8874,5
8875,11
8876,15
8877,8
8878,2
8879,7
8880,7
8881,2
8882,12
8883,19
8884,9
8885,11
8886,2
8887,6
8888,12
8889,1
8890,12
8891,18
8892,3
8893,0
8894,14
8895,12
8896,10
8897,17
8898,5
8899,10
8900,12
8901,15
8902,10
8903,7
8904,5
8905,8
8906,18
8907,13
8908,10
8909,17
8910,5
8911,11
8912,11
8913,13
8914,7
8915,10
8916,1
8917,7
8918,0
8919,6
8920,18
8921,6
8922,9
8923,10
8924,0
8925,3
8926,8
8927,4
8928,18
8929,12
8930,7
8931,13
8932,7
8933,17
8934,0
8935,7
8936,6
8937,19
8938,1
8939,9
8940,11
8941,18
8942,5
8943,17
8944,6
8945,8
8946,5
8947,8
8948,10
8949,15
8950,5
8951,6
8952,4
8953,0
8954,8
8955,9
8956,8
8957,8
8958,1
8959,15
8960,10
8961,18
8962,2
8963,8
8964,6
8965,10
8966,18
8967,18
8968,2
8969,16
8970,3
8971,5
8972,12
8973,11
8974,9
8975,10
8976,7
8977,4
8978,9
8979,11
8980,10
8981,7
8982,18
8983,10
8984,2
8985,3
8986,19
8987,14
8988,0
8989,1
8990,18
8991,17
8992,1
8993,3
8994,2
8995,18
8996,12
8997,7
8998,2
8999,17
9000,8
9001,18
9002,1
9003,4
9004,4
9005,8
9006,3
9007,8
9008,12
9009,19
9010,8
9011,9
9012,15
9013,8
9014,0
9015,7
9016,7
9017,8
9018,8
9019,14
9020,15
9021,14
9022,10
9023,14
9024,0
9025,12
9026,10
9027,17
9028,8
9029,18
9030,3
9031,11
9032,7
9033,5
9034,7
9035,1
9036,14
9037,3
9038,6
9039,12
9040,12
9041,5
9042,12
9043,14
9044,3
9045,19
9046,11
9047,9
9048,10
9049,9
9050,5
9051,5
9052,18
9053,13
9054,18
9055,16
9056,3
9057,11
9058,4
9059,8
9060,14
9061,0
9062,7
9063,18
9064,19
9065,3
9066,10
9067,14
9068,19
9069,18
9070,12
9071,5
9072,10
9073,4
9074,14
9075,2
9076,5
9077,2
9078,5
9079,0
9080,19
9081,18
9082,14
9083,14
9084,18
9085,0
9086,17
9087,12
9088,19
9089,0
9090,5
9091,19
9092,11
9093,13
9094,0
9095,7
9096,7
9097,7
9098,15
9099,5
9100,4
9101,19
9102,18
9103,9
9104,1
9105,0
9106,16
9107,17
9108,7
9109,9
9110,3
9111,18
9112,4
9113,4
9114,15
9115,4
9116,9
9117,7
9118,0
9119,8
9120,3
9121,17
9122,17
9123,11
9124,15
9125,3
9126,14
9127,12
9128,18
9129,17
9130,15
9131,6
9132,3
9133,1
9134,19
9135,8
9136,3
9137,14
9138,2
9139,0
9140,19
9141,1
9142,8
9143,3
9144,6
9145,18
9146,6
9147,8
9148,12
9149,5
9150,5
9151,18
9152,15
9153,2
9154,11
9155,6
9156,15
9157,5
9158,8
9159,4
9160,17
9161,4
9162,1
9163,4
9164,7
9165,3
9166,7
9167,18
9168,19
9169,0
9170,3
9171,3
9172,0
9173,9
9174,8
9175,12
9176,3
9177,12
9178,6
9179,14
9180,12
9181,3
9182,14
9183,5
9184,12
9185,12
9186,19
9187,8
9188,11
9189,7
9190,7
9191,1
9192,5
9193,11
9194,5
9195,10
9196,8
9197,6
9198,11
9199,12
9200,17
9201,8
9202,3
9203,9
9204,18
9205,9
9206,18
9207,1
9208,0
9209,17
9210,7
9211,14
9212,19
9213,0
9214,5
9215,13
9216,19
9217,18
9218,12
9219,2
9220,11
9221,11
9222,9
9223,8
9224,1
9225,11
9226,14
9227,2
9228,4
9229,3
9230,8
9231,17
9232,11
9233,6
9234,19
9235,2
9236,6
9237,7
9238,2
9239,6
9240,17
9241,15
9242,0
9243,11
9244,19
9245,9
9246,8
9247,17
9248,0
9249,6
9250,9
9251,13
9252,0
9253,10
9254,7
9255,17
9256,19
9257,7
9258,10
9259,11
9260,1
9261,9
9262,8
9263,7
9264,12
9265,11
9266,12
9267,6
9268,10
9269,5
9270,10
9271,10
9272,2
9273,7
9274,11
9275,17
9276,2
9277,9
9278,7
9279,19
9280,13
9281,11
9282,11
9283,15
9284,9
9285,17
9286,14
9287,7
9288,4
9289,12
9290,5
9291,3
9292,18
9293,17
9294,3
9295,14
9296,9
9297,5
9298,1
9299,1
9300,4
9301,18
9302,9
9303,18
9304,5
9305,13
9306,15
9307,0
9308,5
9309,19
9310,2
9311,10
9312,16
9313,18
9314,12
9315,18
9316,6
9317,14
9318,15
9319,7
9320,1
9321,9
9322,1
9323,8
9324,11
9325,10
9326,9
9327,0
9328,18
9329,2
9330,3
9331,8
9332,14
9333,12
9334,8
9335,2
9336,2
9337,8
9338,3
9339,17
9340,7
9341,1
9342,3
9343,4
9344,17
9345,8
9346,14
9347,8
9348,18
9349,5
9350,2
9351,9
9352,8
9353,7
9354,14
9355,18
9356,10
9357,0
9358,16
9359,13
9360,10
9361,5
9362,13
9363,0
9364,4
9365,9
9366,9
9367,6
9368,16
9369,18
9370,9
9371,12
9372,17
9373,11
9374,14
9375,12
9376,18
9377,2
9378,4
9379,11
9380,2
9381,5
9382,3
9383,9
9384,17
9385,6
9386,1
9387,10
9388,12
9389,6
9390,4
9391,15
9392,2
9393,3
9394,18
9395,5
9396,18
9397,17
9398,9
9399,4
9400,17
9401,19
9402,9
9403,4
9404,19
9405,14
9406,17
9407,12
9408,14
9409,7
9410,19
9411,7
9412,14
9413,15
9414,0
9415,9
9416,17
9417,18
9418,0
9419,11
9420,12
9421,2
9422,8
9423,8
9424,15
9425,10
9426,0
9427,9
9428,17
9429,6
9430,2
9431,5
9432,9
9433,18
9434,7
9435,4
9436,19
9437,0
9438,7
9439,2
9440,18
9441,4
9442,2
9443,12
9444,19
9445,1
9446,19
9447,19
9448,6
9449,18
9450,9
9451,1
9452,12
9453,17
9454,14
9455,8
9456,12
9457,19
9458,1
9459,9
9460,14
9461,6
9462,8
9463,8
9464,5
9465,3
9466,2
9467,7
9468,5
9469,18
9470,6
9471,12
9472,0
9473,17
9474,8
9475,12
9476,13
9477,11
9478,1
9479,6
9480,3
9481,7
9482,6
9483,7
9484,9
9485,7
9486,13
9487,19
9488,18
9489,6
9490,10
9491,13
9492,0
9493,10
9494,8
9495,18
9496,5
9497,8
9498,1
9499,11
9500,1
9501,19
9502,5
9503,9
9504,9
9505,2
9506,10
9507,6
9508,2
9509,10
9510,11
9511,18
9512,4
9513,1
9514,0
9515,8
9516,14
9517,18
9518,6
9519,8
9520,12
9521,17
9522,8
9523,2
9524,5
9525,6
9526,15
9527,1
9528,6
9529,8
9530,7
9531,18
9532,10
9533,17
9534,13
9535,17
9536,0
9537,7
9538,15
9539,9
9540,18
9541,7
9542,1
9543,12
9544,3
9545,11
9546,17
9547,0
9548,5
9549,18
9550,10
9551,5
9552,8
9553,7
9554,9
9555,8
9556,5
9557,8
9558,6
9559,8
9560,11
9561,7
9562,9
9563,4
9564,11
9565,2
9566,2
9567,18
9568,12
9569,17
9570,12
9571,6
9572,1
9573,12
9574,18
9575,2
9576,9
9577,5
9578,5
9579,1
9580,5
9581,15
9582,6
9583,11
9584,7
9585,19
9586,8
9587,18
9588,4
9589,18
9590,3
9591,18
9592,3
9593,19
9594,13
9595,19
9596,5
9597,17
9598,11
9599,4
9600,1
9601,4
9602,11
9603,18
9604,11
9605,4
9606,12
9607,5
9608,4
9609,14
9610,3
9611,14
9612,17
9613,12
9614,14
9615,18
9616,2
9617,8
9618,12
9619,7
9620,14
9621,12
9622,15
9623,8
9624,19
9625,19
9626,9
9627,3
9628,9
9629,14
9630,19
9631,7
9632,10
9633,17
9634,12
9635,18
9636,6
9637,9
9638,8
9639,18
9640,5
9641,19
9642,1
9643,12
9644,16
9645,6
9646,8
9647,19
9648,18
9649,16
9650,7
9651,1
9652,18
9653,18
9654,2
9655,10
9656,14
9657,7
9658,17
9659,7
9660,7
9661,4
9662,18
9663,18
9664,9
9665,18
9666,17
9667,18
9668,9
9669,5
9670,7
9671,6
9672,6
9673,4
9674,6
9675,1
9676,3
9677,0
9678,15
9679,6
9680,9
9681,4
9682,7
9683,2
9684,8
9685,1
9686,11
9687,14
9688,1
9689,19
9690,10
9691,5
9692,2
9693,0
9694,11
9695,6
9696,14
9697,7
9698,9
9699,19
9700,17
9701,10
9702,19
9703,12
9704,5
9705,7
9706,5
9707,0
9708,9
9709,11
9710,8
9711,12
9712,3
9713,8
9714,9
9715,1
9716,11
9717,0
9718,18
9719,10
9720,5
9721,6
9722,17
9723,0
9724,6
9725,11
9726,4
9727,7
9728,19
9729,17
9730,15
9731,4
9732,19
9733,8
9734,12
9735,4
9736,3
9737,17
9738,17
9739,2
9740,11
9741,13
9742,4
9743,19
9744,5
9745,4
9746,7
9747,10
9748,14
9749,5
9750,17
9751,6
9752,12
9753,0
9754,2
9755,11
9756,2
9757,15
9758,14
9759,4
9760,6
9761,5
9762,17
9763,11
9764,19
9765,11
9766,7
9767,11
9768,0
9769,3
9770,12
9771,18
9772,5
9773,14
9774,2
9775,6
9776,4
9777,7
9778,2
9779,3
9780,3
9781,6
9782,4
9783,0
9784,14
9785,19
9786,14
9787,9
9788,2
9789,14
9790,12
9791,19
9792,11
9793,14
9794,14
9795,18
9796,18
9797,1
9798,14
9799,2
9800,19
9801,7
9802,1
9803,13
9804,19
9805,3
9806,7
9807,3
9808,14
9809,12
9810,2
9811,5
9812,15
9813,11
9814,7
9815,2
9816,11
9817,7
9818,14
9819,12
9820,3
9821,4
9822,14
9823,7
9824,1
9825,17
9826,7
9827,19
9828,3
9829,10
9830,8
9831,18
9832,11
9833,10
9834,9
9835,19
9836,14
9837,7
9838,6
9839,12
9840,3
9841,1
9842,5
9843,2
9844,0
9845,18
9846,8
9847,11
9848,2
9849,10
9850,8
9851,11
9852,3
9853,8
9854,17
9855,13
9856,0
9857,15
9858,2
9859,8
9860,5
9861,5
9862,8
9863,6
9864,19
9865,15
9866,15
9867,10
9868,5
9869,0
9870,3
9871,10
9872,18
9873,18
9874,18
9875,17
9876,14
9877,10
9878,14
9879,3
9880,3
9881,5
9882,16
9883,5
9884,7
9885,12
9886,8
9887,14
9888,7
9889,0
9890,11
9891,12
9892,10
9893,11
9894,12
9895,13
9896,5
9897,6
9898,19
9899,18
9900,12
9901,8
9902,7
9903,0
9904,7
9905,3
9906,9
9907,3
9908,5
9909,12
9910,12
9911,1
9912,17
9913,7
9914,8
9915,6
9916,17
9917,19
9918,18
9919,10
9920,17
9921,8
9922,6
9923,17
9924,9
9925,18
9926,7
9927,9
9928,3
9929,17
9930,18
9931,17
9932,0
9933,18
9934,2
9935,12
9936,3
9937,3
9938,1
9939,16
9940,4
9941,13
9942,9
9943,5
9944,17
9945,5
9946,2
9947,3
9948,5
9949,3
9950,12
9951,7
9952,6
9953,8
9954,11
9955,6
9956,1
9957,18
9958,9
9959,18
9960,7
9961,0
9962,9
9963,10
9964,15
9965,19
9966,7
9967,4
9968,18
9969,15
9970,7
9971,15
9972,18
9973,11
9974,7
9975,14
9976,14
9977,12
9978,6
9979,19
9980,14
9981,10
9982,5
9983,8
9984,14
9985,1
9986,8
9987,3
9988,2
9989,19
9990,18
9991,11
9992,3
9993,0
9994,2
9995,8
9996,14
9997,19
9998,2
9999,19
