image_id,fine_label
0,27
1,99
2,69
3,42
4,22
5,6
6,43
7,96
8,75
9,37
10,91
11,33
12,88
13,30
14,24
15,45
16,43
17,38
18,81
19,67
20,29
21,23
22,14
23,54
24,46
25,30
26,20
27,46
28,14
29,78
30,63
31,88
32,88
33,31
34,45
35,18
36,54
37,30
38,48
39,39
40,42
41,22
42,4
43,90
44,23
45,27
46,89
47,46
48,33
49,81
50,6
51,96
52,66
53,81
54,48
55,14
56,12
57,34
58,46
59,39
60,21
61,15
62,18
63,48
64,68
65,95
66,9
67,38
68,12
69,61
70,33
71,12
72,47
73,72
74,23
75,21
76,71
77,89
78,6
79,8
80,75
81,16
82,93
83,17
84,37
85,24
86,79
87,75
88,8
89,93
90,71
91,36
92,42
93,0
94,48
95,83
96,59
97,5
98,63
99,42
100,4
101,79
102,54
103,52
104,84
105,78
106,79
107,30
108,54
109,30
110,68
111,86
112,63
113,95
114,59
115,34
116,51
117,81
118,38
119,39
120,86
121,33
122,50
123,42
124,2
125,20
126,43
127,15
128,21
129,56
130,46
131,50
132,20
133,91
134,17
135,33
136,45
137,87
138,12
139,13
140,33
141,22
142,87
143,49
144,22
145,83
146,34
147,87
148,70
149,17
150,79
151,52
152,99
153,87
154,69
155,32
156,42
157,87
158,34
159,68
160,79
161,46
162,94
163,75
164,6
165,90
166,1
167,91
168,77
169,46
170,30
171,1
172,47
173,36
174,42
175,14
176,95
177,19
178,94
179,9
180,83
181,91
182,54
183,92
184,74
185,42
186,38
187,90
188,15
189,42
190,32
191,42
192,0
193,84
194,43
195,70
196,24
197,94
198,94
199,21
200,70
201,78
202,48
203,40
204,37
205,71
206,80
207,67
208,4
209,44
210,20
211,11
212,28
213,88
214,71
215,75
216,81
217,24
218,83
219,79
220,75
221,42
222,13
223,90
224,19
225,43
226,53
227,0
228,83
229,35
230,95
231,37
232,51
233,92
234,7
235,5
236,36
237,52
238,31
239,46
240,78
241,94
242,68
243,42
244,79
245,7
246,54
247,56
248,34
249,90
250,70
251,92
252,87
253,40
254,5
255,50
256,89
257,59
258,66
259,98
260,0
261,24
262,63
263,99
264,19
265,88
266,88
267,33
268,39
269,6
270,89
271,14
272,88
273,48
274,60
275,33
276,78
277,89
278,46
279,89
280,41
281,92
282,36
283,94
284,21
285,87
286,6
287,4
288,82
289,43
290,28
291,75
292,81
293,48
294,67
295,86
296,69
297,86
298,5
299,42
300,69
301,52
302,56
303,76
304,45
305,42
306,64
307,24
308,48
309,31
310,91
311,97
312,20
313,9
314,6
315,75
316,26
317,2
318,75
319,27
320,15
321,8
322,18
323,72
324,33
325,18
326,91
327,59
328,8
329,95
330,47
331,5
332,92
333,87
334,82
335,89
336,7
337,21
338,49
339,65
340,16
341,17
342,16
343,48
344,29
345,5
346,95
347,56
348,40
349,71
350,59
351,52
352,21
353,56
354,49
355,75
356,30
357,42
358,31
359,96
360,26
361,3
362,16
363,37
364,83
365,62
366,94
367,42
368,94
369,52
370,83
371,29
372,22
373,91
374,17
375,3
376,83
377,53
378,48
379,7
380,78
381,41
382,85
383,78
384,5
385,56
386,85
387,54
388,68
389,89
390,34
391,89
392,48
393,34
394,87
395,36
396,68
397,48
398,29
399,66
400,41
401,89
402,40
403,5
404,31
405,79
406,82
407,93
408,74
409,75
410,88
411,85
412,96
413,58
414,56
415,56
416,93
417,71
418,93
419,69
420,78
421,74
422,70
423,19
424,43
425,6
426,60
427,7
428,52
429,5
430,94
431,69
432,22
433,30
434,73
435,97
436,47
437,12
438,28
439,39
440,53
441,95
442,27
443,78
444,82
445,42
446,14
447,77
448,97
449,41
450,8
451,39
452,17
453,59
454,46
455,55
456,58
457,42
458,94
459,49
460,42
461,49
462,6
463,22
464,47
465,92
466,30
467,54
468,92
469,89
470,70
471,36
472,26
473,10
474,95
475,62
476,43
477,12
478,69
479,17
480,81
481,20
482,71
483,54
484,90
485,69
486,46
487,20
488,87
489,99
490,91
491,90
492,3
493,31
494,69
495,56
496,33
497,23
498,56
499,91
500,79
501,1
502,15
503,37
504,40
505,79
506,73
507,22
508,13
509,19
510,38
511,30
512,99
513,12
514,52
515,17
516,78
517,48
518,52
519,95
520,88
521,11
522,46
523,48
524,46
525,94
526,36
527,68
528,76
529,99
530,38
531,37
532,28
533,40
534,34
535,73
536,56
537,12
538,24
539,8
540,60
541,17
542,32
543,5
544,90
545,45
546,38
547,38
548,94
549,19
550,8
551,24
552,96
553,5
554,62
555,27
556,83
557,5
558,38
559,14
560,34
561,84
562,53
563,36
564,48
565,38
566,74
567,90
568,81
569,19
570,26
571,57
572,99
573,14
574,62
575,79
576,61
577,10
578,89
579,33
580,29
581,72
582,74
583,22
584,48
585,48
586,17
587,99
588,54
589,84
590,95
591,42
592,75
593,82
594,69
595,1
596,62
597,0
598,4
599,82
600,58
601,17
602,82
603,38
604,74
605,42
606,64
607,66
608,45
609,12
610,63
611,21
612,14
613,24
614,69
615,57
616,36
617,5
618,93
619,47
620,13
621,48
622,57
623,20
624,75
625,1
626,58
627,48
628,94
629,32
630,42
631,23
632,97
633,48
634,41
635,40
636,20
637,18
638,93
639,51
640,9
641,27
642,3
643,37
644,45
645,38
646,75
647,47
648,98
649,7
650,97
651,99
652,36
653,34
654,63
655,60
656,69
657,56
658,42
659,63
660,88
661,98
662,24
663,68
664,19
665,3
666,60
667,19
668,30
669,90
670,16
671,6
672,45
673,46
674,35
675,12
676,70
677,25
678,78
679,27
680,27
681,94
682,83
683,99
684,40
685,19
686,97
687,52
688,48
689,21
690,14
691,47
692,74
693,27
694,41
695,73
696,85
697,17
698,76
699,43
700,79
701,9
702,63
703,5
704,47
705,41
706,7
707,92
708,79
709,90
710,21
711,62
712,69
713,69
714,88
715,6
716,82
717,25
718,76
719,27
720,23
721,88
722,68
723,49
724,75
725,49
726,81
727,79
728,12
729,1
730,91
731,88
732,13
733,22
734,83
735,5
736,15
737,83
738,42
739,27
740,10
741,7
742,64
743,62
744,87
745,76
746,92
747,91
748,26
749,88
750,26
751,56
752,61
753,49
754,79
755,93
756,16
757,27
758,42
759,87
760,48
761,77
762,53
763,38
764,15
765,14
766,5
767,51
768,55
769,15
770,48
771,48
772,33
773,42
774,99
775,10
776,57
777,49
778,3
779,52
780,54
781,43
782,64
783,64
784,16
785,11
786,35
787,78
788,88
789,88
790,95
791,52
792,91
793,63
794,41
795,1
796,77
797,42
798,60
799,13
800,17
801,97
802,64
803,29
804,49
805,55
806,85
807,14
808,38
809,89
810,56
811,75
812,84
813,42
814,28
815,69
816,97
817,49
818,34
819,68
820,87
821,42
822,1
823,19
824,17
825,12
826,52
827,88
828,14
829,46
830,49
831,86
832,50
833,54
834,69
835,18
836,88
837,89
838,29
839,84
840,18
841,79
842,42
843,90
844,42
845,15
846,79
847,99
848,21
849,4
850,56
851,68
852,24
853,45
854,54
855,83
856,93
857,71
858,17
859,0
860,83
861,24
862,6
863,35
864,11
865,60
866,78
867,2
868,32
869,10
870,92
871,4
872,55
873,9
874,17
875,81
876,95
877,42
878,46
879,56
880,83
881,38
882,70
883,97
884,0
885,54
886,27
887,0
888,8
889,51
890,56
891,63
892,7
893,15
894,99
895,53
896,89
897,82
898,74
899,33
900,13
901,49
902,94
903,96
904,52
905,15
906,99
907,42
908,83
909,94
910,67
911,8
912,52
913,88
914,99
915,48
916,96
917,18
918,45
919,63
920,14
921,75
922,61
923,14
924,95
925,12
926,63
927,98
928,95
929,84
930,96
931,58
932,81
933,99
934,63
935,60
936,26
937,6
938,64
939,90
940,84
941,7
942,13
943,91
944,27
945,60
946,48
947,42
948,30
949,68
950,62
951,95
952,85
953,28
954,31
955,60
956,88
957,54
958,77
959,63
960,94
961,77
962,57
963,0
964,54
965,93
966,88
967,13
968,71
969,99
970,37
971,90
972,64
973,30
974,7
975,94
976,86
977,40
978,58
979,10
980,77
981,66
982,3
983,81
984,9
985,43
986,37
987,75
988,47
989,66
990,63
991,18
992,94
993,90
994,1
995,90
996,89
997,9
998,79
999,55
1000,38
1001,30
1002,86
1003,7
1004,21
1005,45
1006,66
1007,63
1008,94
1009,39
1010,75
1011,87
1012,87
1013,4
1014,87
1015,62
1016,67
1017,35
1018,32
1019,96
1020,43
1021,3
1022,66
1023,52
1024,51
1025,98
1026,17
1027,79
1028,13
1029,21
1030,5
1031,42
1032,46
1033,28
1034,48
1035,5
1036,20
1037,10
1038,94
1039,16
1040,97
1041,22
1042,99
1043,48
1044,33
1045,39
1046,12
1047,12
1048,76
1049,89
1050,22
1051,20
1052,18
1053,48
1054,96
1055,45
1056,79
1057,17
1058,0
1059,47
1060,73
1061,26
1062,31
1063,19
1064,6
1065,94
1066,59
1067,9
1068,48
1069,24
1070,49
1071,75
1072,67
1073,81
1074,60
1075,90
1076,22
1077,9
1078,62
1079,68
1080,17
1081,83
1082,69
1083,71
1084,1
1085,30
1086,45
1087,46
1088,68
1089,69
1090,41
1091,1
1092,16
1093,54
1094,21
1095,87
1096,48
1097,8
1098,54
1099,71
1100,56
1101,37
1102,88
1103,48
1104,20
1105,39
1106,13
1107,88
1108,67
1109,49
1110,41
1111,92
1112,5
1113,87
1114,38
1115,78
1116,38
1117,49
1118,44
1119,42
1120,46
1121,37
1122,33
1123,89
1124,17
1125,99
1126,27
1127,37
1128,72
1129,53
1130,91
1131,97
1132,82
1133,52
1134,98
1135,39
1136,95
1137,41
1138,66
1139,63
1140,51
1141,91
1142,76
1143,78
1144,91
1145,17
1146,49
1147,88
1148,82
1149,58
1150,52
1151,17
1152,66
1153,52
1154,15
1155,49
1156,26
1157,42
1158,82
1159,91
1160,89
1161,93
1162,60
1163,87
1164,21
1165,75
1166,18
1167,70
1168,89
1169,37
1170,41
1171,44
1172,52
1173,32
1174,51
1175,70
1176,27
1177,21
1178,42
1179,68
1180,2
1181,81
1182,71
1183,79
1184,78
1185,52
1186,39
1187,99
1188,62
1189,30
1190,54
1191,42
1192,67
1193,60
1194,53
1195,42
1196,6
1197,27
1198,69
1199,20
1200,56
1201,17
1202,82
1203,13
1204,12
1205,8
1206,98
1207,21
1208,14
1209,94
1210,68
1211,22
1212,8
1213,81
1214,22
1215,56
1216,87
1217,57
1218,44
1219,97
1220,57
1221,48
1222,52
1223,75
1224,28
1225,53
1226,88
1227,54
1228,54
1229,33
1230,38
1231,97
1232,35
1233,17
1234,38
1235,19
1236,81
1237,4
1238,43
1239,68
1240,42
1241,29
1242,54
1243,87
1244,60
1245,92
1246,36
1247,48
1248,4
1249,82
1250,88
1251,45
1252,93
1253,76
1254,83
1255,45
1256,19
1257,23
1258,5
1259,86
1260,17
1261,7
1262,54
1263,49
1264,22
1265,16
1266,30
1267,52
1268,8
1269,8
1270,7
1271,21
1272,15
1273,75
1274,70
1275,89
1276,73
1277,15
1278,75
1279,54
1280,75
1281,30
1282,45
1283,26
1284,12
1285,45
1286,83
1287,39
1288,69
1289,63
1290,41
1291,16
1292,70
1293,19
1294,89
1295,60
1296,56
1297,76
1298,19
1299,45
1300,79
1301,52
1302,18
1303,34
1304,15
1305,47
1306,69
1307,45
1308,88
1309,87
1310,14
1311,94
1312,39
1313,81
1314,24
1315,96
1316,17
1317,15
1318,42
1319,7
1320,48
1321,17
1322,4
1323,38
1324,78
1325,20
1326,42
1327,23
1328,7
1329,90
1330,71
1331,15
1332,27
1333,1
1334,72
1335,42
1336,76
1337,94
1338,45
1339,5
1340,98
1341,38
1342,30
1343,45
1344,8
1345,34
1346,48
1347,27
1348,73
1349,41
1350,40
1351,6
1352,69
1353,82
1354,63
1355,30
1356,84
1357,85
1358,12
1359,98
1360,22
1361,15
1362,62
1363,45
1364,82
1365,56
1366,94
1367,19
1368,99
1369,1
1370,60
1371,26
1372,31
1373,57
1374,54
1375,24
1376,95
1377,99
1378,19
1379,52
1380,91
1381,6
1382,43
1383,83
1384,30
1385,65
1386,61
1387,83
1388,75
1389,78
1390,90
1391,16
1392,13
1393,50
1394,6
1395,4
1396,53
1397,86
1398,98
1399,79
1400,56
1401,34
1402,0
1403,74
1404,14
1405,4
1406,16
1407,32
1408,77
1409,21
1410,48
1411,7
1412,60
1413,64
1414,43
1415,11
1416,62
1417,24
1418,23
1419,58
1420,57
1421,88
1422,78
1423,35
1424,56
1425,17
1426,83
1427,83
1428,74
1429,24
1430,5
1431,22
1432,42
1433,18
1434,85
1435,36
1436,67
1437,81
1438,84
1439,43
1440,34
1441,90
1442,98
1443,19
1444,30
1445,43
1446,24
1447,62
1448,62
1449,74
1450,42
1451,51
1452,86
1453,37
1454,48
1455,69
1456,37
1457,7
1458,75
1459,49
1460,96
1461,26
1462,62
1463,19
1464,70
1465,42
1466,46
1467,89
1468,28
1469,8
1470,75
1471,1
1472,32
1473,30
1474,47
1475,54
1476,56
1477,51
1478,89
1479,34
1480,25
1481,9
1482,73
1483,77
1484,10
1485,42
1486,60
1487,37
1488,8
1489,3
1490,29
1491,87
1492,70
1493,77
1494,0
1495,42
1496,49
1497,87
1498,29
1499,88
1500,6
1501,75
1502,95
1503,12
1504,19
1505,39
1506,87
1507,81
1508,9
1509,56
1510,27
1511,48
1512,86
1513,20
1514,15
1515,77
1516,19
1517,27
1518,87
1519,56
1520,53
1521,49
1522,48
1523,89
1524,62
1525,85
1526,42
1527,21
1528,63
1529,56
1530,76
1531,84
1532,57
1533,53
1534,22
1535,31
1536,68
1537,92
1538,94
1539,82
1540,8
1541,29
1542,94
1543,24
1544,91
1545,10
1546,10
1547,18
1548,1
1549,42
1550,62
1551,89
1552,24
1553,69
1554,44
1555,87
1556,89
1557,4
1558,94
1559,77
1560,46
1561,72
1562,53
1563,5
1564,38
1565,5
1566,42
1567,1
1568,87
1569,51
1570,93
1571,37
1572,37
1573,36
1574,73
1575,99
1576,97
1577,86
1578,1
1579,33
1580,34
1581,1
1582,33
1583,47
1584,89
1585,21
1586,88
1587,42
1588,79
1589,44
1590,5
1591,55
1592,1
1593,25
1594,53
1595,69
1596,51
1597,64
1598,79
1599,58
1600,52
1601,74
1602,43
1603,21
1604,39
1605,17
1606,52
1607,21
1608,53
1609,82
1610,16
1611,24
1612,87
1613,99
1614,63
1615,68
1616,19
1617,91
1618,48
1619,28
1620,41
1621,63
1622,33
1623,15
1624,11
1625,18
1626,42
1627,54
1628,88
1629,60
1630,88
1631,37
1632,37
1633,9
1634,67
1635,9
1636,66
1637,78
1638,40
1639,85
1640,82
1641,60
1642,54
1643,81
1644,75
1645,64
1646,30
1647,63
1648,75
1649,14
1650,66
1651,90
1652,42
1653,10
1654,60
1655,15
1656,38
1657,53
1658,53
1659,88
1660,21
1661,71
1662,82
1663,56
1664,43
1665,98
1666,71
1667,59
1668,61
1669,30
1670,36
1671,59
1672,45
1673,33
1674,33
1675,6
1676,35
1677,88
1678,48
1679,91
1680,27
1681,73
1682,75
1683,41
1684,15
1685,26
1686,5
1687,68
1688,41
1689,90
1690,75
1691,4
1692,85
1693,1
1694,9
1695,6
1696,54
1697,11
1698,9
1699,75
1700,19
1701,27
1702,57
1703,86
1704,22
1705,57
1706,23
1707,30
1708,44
1709,85
1710,33
1711,58
1712,25
1713,22
1714,22
1715,71
1716,38
1717,39
1718,40
1719,42
1720,26
1721,83
1722,59
1723,29
1724,13
1725,20
1726,34
1727,62
1728,30
1729,53
1730,13
1731,92
1732,94
1733,59
1734,48
1735,19
1736,29
1737,79
1738,38
1739,2
1740,13
1741,73
1742,59
1743,24
1744,66
1745,52
1746,94
1747,35
1748,27
1749,22
1750,91
1751,10
1752,16
1753,2
1754,24
1755,21
1756,61
1757,9
1758,57
1759,87
1760,61
1761,57
1762,68
1763,74
1764,33
1765,6
1766,41
1767,40
1768,58
1769,17
1770,6
1771,5
1772,37
1773,71
1774,37
1775,35
1776,65
1777,9
1778,89
1779,5
1780,52
1781,12
1782,24
1783,11
1784,75
1785,73
1786,38
1787,83
1788,60
1789,46
1790,0
1791,82
1792,86
1793,42
1794,89
1795,15
1796,52
1797,16
1798,49
1799,8
1800,70
1801,1
1802,32
1803,49
1804,1
1805,99
1806,81
1807,66
1808,63
1809,41
1810,94
1811,42
1812,17
1813,75
1814,92
1815,12
1816,95
1817,78
1818,17
1819,97
1820,15
1821,46
1822,42
1823,89
1824,68
1825,59
1826,75
1827,66
1828,9
1829,87
1830,76
1831,36
1832,12
1833,73
1834,41
1835,0
1836,64
1837,81
1838,43
1839,96
1840,69
1841,10
1842,41
1843,63
1844,7
1845,16
1846,93
1847,21
1848,4
1849,21
1850,34
1851,21
1852,45
1853,48
1854,23
1855,8
1856,7
1857,75
1858,53
1859,38
1860,41
1861,24
1862,78
1863,22
1864,88
1865,53
1866,83
1867,16
1868,95
1869,95
1870,23
1871,66
1872,51
1873,95
1874,47
1875,19
1876,46
1877,70
1878,39
1879,42
1880,15
1881,78
1882,58
1883,21
1884,82
1885,23
1886,8
1887,29
1888,78
1889,73
1890,56
1891,5
1892,15
1893,63
1894,42
1895,98
1896,27
1897,67
1898,88
1899,75
1900,6
1901,63
1902,7
1903,76
1904,45
1905,36
1906,2
1907,28
1908,90
1909,78
1910,31
1911,9
1912,2
1913,60
1914,42
1915,38
1916,17
1917,37
1918,59
1919,4
1920,24
1921,42
1922,62
1923,6
1924,61
1925,66
1926,42
1927,97
1928,77
1929,89
1930,14
1931,5
1932,70
1933,85
1934,13
1935,99
1936,69
1937,40
1938,61
1939,52
1940,37
1941,15
1942,5
1943,34
1944,63
1945,70
1946,97
1947,63
1948,66
1949,66
1950,42
1951,39
1952,54
1953,38
1954,22
1955,5
1956,59
1957,7
1958,89
1959,9
1960,89
1961,32
1962,88
1963,84
1964,0
1965,42
1966,79
1967,48
1968,21
1969,29
1970,63
1971,8
1972,37
1973,41
1974,56
1975,57
1976,35
1977,49
1978,87
1979,54
1980,22
1981,43
1982,25
1983,48
1984,82
1985,32
1986,87
1987,0
1988,81
1989,54
1990,75
1991,89
1992,60
1993,42
1994,88
1995,91
1996,38
1997,7
1998,67
1999,65
2000,17
2001,76
2002,33
2003,9
2004,52
2005,60
2006,33
2007,41
2008,82
2009,53
2010,17
2011,46
2012,70
2013,95
2014,52
2015,0
2016,52
2017,63
2018,37
2019,86
2020,21
2021,54
2022,92
2023,33
2024,36
2025,89
2026,88
2027,36
2028,75
2029,53
2030,0
2031,75
2032,38
2033,97
2034,13
2035,22
2036,2
2037,74
2038,85
2039,20
2040,11
2041,20
2042,22
2043,99
2044,50
2045,88
2046,81
2047,33
2048,18
2049,72
2050,87
2051,87
2052,22
2053,17
2054,67
2055,73
2056,88
2057,38
2058,72
2059,85
2060,27
2061,41
2062,89
2063,81
2064,48
2065,98
2066,88
2067,87
2068,70
2069,97
2070,3
2071,89
2072,60
2073,45
2074,61
2075,33
2076,76
2077,93
2078,60
2079,6
2080,85
2081,81
2082,41
2083,94
2084,45
2085,2
2086,69
2087,37
2088,66
2089,76
2090,7
2091,68
2092,96
2093,69
2094,42
2095,83
2096,5
2097,48
2098,30
2099,30
2100,34
2101,69
2102,89
2103,1
2104,20
2105,14
2106,40
2107,74
2108,55
2109,88
2110,76
2111,52
2112,38
2113,49
2114,54
2115,81
2116,53
2117,52
2118,88
2119,41
2120,52
2121,10
2122,51
2123,77
2124,70
2125,29
2126,8
2127,46
2128,33
2129,79
2130,31
2131,30
2132,54
2133,94
2134,21
2135,6
2136,34
2137,81
2138,56
2139,57
2140,74
2141,19
2142,48
2143,73
2144,67
2145,15
2146,3
2147,3
2148,19
2149,2
2150,15
2151,60
2152,88
2153,89
2154,64
2155,16
2156,87
2157,6
2158,26
2159,20
2160,30
2161,15
2162,68
2163,9
2164,22
2165,35
2166,15
2167,42
2168,9
2169,86
2170,45
2171,58
2172,44
2173,7
2174,27
2175,86
2176,81
2177,68
2178,49
2179,62
2180,29
2181,90
2182,15
2183,34
2184,81
2185,18
2186,40
2187,91
2188,81
2189,54
2190,4
2191,46
2192,27
2193,78
2194,94
2195,18
2196,27
2197,37
2198,90
2199,29
2200,63
2201,75
2202,30
2203,60
2204,78
2205,11
2206,93
2207,93
2208,73
2209,38
2210,6
2211,88
2212,27
2213,24
2214,25
2215,53
2216,26
2217,36
2218,79
2219,16
2220,63
2221,77
2222,5
2223,64
2224,87
2225,66
2226,82
2227,20
2228,51
2229,73
2230,70
2231,49
2232,3
2233,85
2234,31
2235,87
2236,89
2237,16
2238,55
2239,6
2240,22
2241,45
2242,19
2243,43
2244,49
2245,41
2246,63
2247,16
2248,99
2249,58
2250,19
2251,21
2252,90
2253,58
2254,24
2255,6
2256,97
2257,15
2258,21
2259,89
2260,38
2261,23
2262,63
2263,75
2264,58
2265,92
2266,73
2267,77
2268,82
2269,40
2270,99
2271,81
2272,19
2273,57
2274,98
2275,88
2276,88
2277,60
2278,63
2279,68
2280,52
2281,63
2282,9
2283,39
2284,88
2285,29
2286,41
2287,14
2288,33
2289,75
2290,10
2291,12
2292,15
2293,7
2294,73
2295,51
2296,34
2297,87
2298,36
2299,76
2300,18
2301,3
2302,31
2303,30
2304,45
2305,46
2306,71
2307,87
2308,49
2309,24
2310,15
2311,0
2312,24
2313,58
2314,48
2315,33
2316,37
2317,11
2318,27
2319,93
2320,58
2321,29
2322,23
2323,95
2324,42
2325,88
2326,4
2327,17
2328,8
2329,87
2330,18
2331,17
2332,30
2333,93
2334,99
2335,62
2336,7
2337,67
2338,86
2339,58
2340,23
2341,19
2342,79
2343,6
2344,42
2345,69
2346,1
2347,8
2348,30
2349,16
2350,63
2351,42
2352,28
2353,95
2354,42
2355,36
2356,52
2357,7
2358,52
2359,18
2360,84
2361,71
2362,27
2363,30
2364,20
2365,93
2366,38
2367,76
2368,68
2369,24
2370,63
2371,24
2372,72
2373,63
2374,93
2375,27
2376,92
2377,82
2378,79
2379,95
2380,63
2381,43
2382,74
2383,17
2384,70
2385,87
2386,77
2387,58
2388,88
2389,23
2390,86
2391,17
2392,23
2393,34
2394,57
2395,71
2396,83
2397,82
2398,30
2399,77
2400,6
2401,9
2402,5
2403,81
2404,79
2405,56
2406,62
2407,42
2408,26
2409,56
2410,15
2411,61
2412,70
2413,15
2414,49
2415,14
2416,48
2417,74
2418,82
2419,82
2420,81
2421,42
2422,48
2423,37
2424,81
2425,49
2426,69
2427,88
2428,48
2429,6
2430,8
2431,89
2432,48
2433,37
2434,52
2435,48
2436,48
2437,66
2438,49
2439,88
2440,29
2441,19
2442,89
2443,56
2444,85
2445,82
2446,69
2447,96
2448,12
2449,75
2450,90
2451,90
2452,84
2453,7
2454,94
2455,42
2456,9
2457,28
2458,9
2459,83
2460,68
2461,4
2462,20
2463,12
2464,5
2465,95
2466,57
2467,66
2468,82
2469,16
2470,71
2471,99
2472,95
2473,30
2474,75
2475,87
2476,71
2477,48
2478,15
2479,75
2480,53
2481,71
2482,16
2483,78
2484,74
2485,3
2486,53
2487,56
2488,85
2489,68
2490,22
2491,42
2492,78
2493,78
2494,62
2495,78
2496,41
2497,82
2498,51
2499,87
2500,34
2501,12
2502,96
2503,52
2504,29
2505,8
2506,53
2507,15
2508,90
2509,49
2510,38
2511,52
2512,8
2513,81
2514,5
2515,89
2516,68
2517,60
2518,10
2519,89
2520,24
2521,20
2522,17
2523,33
2524,23
2525,49
2526,83
2527,0
2528,63
2529,48
2530,5
2531,85
2532,12
2533,82
2534,89
2535,6
2536,81
2537,36
2538,20
2539,15
2540,77
2541,13
2542,97
2543,48
2544,85
2545,27
2546,6
2547,75
2548,5
2549,68
2550,88
2551,19
2552,86
2553,79
2554,24
2555,25
2556,10
2557,45
2558,1
2559,17
2560,89
2561,45
2562,34
2563,9
2564,87
2565,20
2566,36
2567,88
2568,66
2569,21
2570,35
2571,71
2572,60
2573,15
2574,70
2575,56
2576,38
2577,37
2578,33
2579,43
2580,41
2581,39
2582,63
2583,30
2584,14
2585,6
2586,90
2587,94
2588,66
2589,60
2590,95
2591,57
2592,68
2593,88
2594,87
2595,83
2596,38
2597,29
2598,22
2599,42
2600,55
2601,70
2602,7
2603,42
2604,49
2605,91
2606,33
2607,37
2608,53
2609,42
2610,38
2611,88
2612,55
2613,17
2614,45
2615,79
2616,91
2617,12
2618,24
2619,72
2620,43
2621,88
2622,90
2623,95
2624,77
2625,37
2626,5
2627,74
2628,61
2629,17
2630,66
2631,58
2632,85
2633,18
2634,5
2635,54
2636,8
2637,63
2638,30
2639,27
2640,63
2641,22
2642,51
2643,78
2644,56
2645,41
2646,21
2647,94
2648,22
2649,99
2650,75
2651,36
2652,73
2653,20
2654,49
2655,56
2656,38
2657,0
2658,73
2659,13
2660,85
2661,69
2662,31
2663,75
2664,90
2665,83
2666,33
2667,33
2668,98
2669,86
2670,70
2671,42
2672,2
2673,75
2674,56
2675,1
2676,87
2677,0
2678,76
2679,51
2680,12
2681,56
2682,5
2683,30
2684,35
2685,19
2686,99
2687,10
2688,61
2689,15
2690,28
2691,42
2692,87
2693,20
2694,96
2695,39
2696,61
2697,23
2698,76
2699,33
2700,17
2701,81
2702,34
2703,58
2704,12
2705,13
2706,41
2707,16
2708,7
2709,20
2710,12
2711,46
2712,46
2713,29
2714,7
2715,76
2716,45
2717,15
2718,8
2719,30
2720,78
2721,42
2722,12
2723,18
2724,58
2725,39
2726,90
2727,37
2728,16
2729,51
2730,85
2731,48
2732,27
2733,57
2734,75
2735,54
2736,16
2737,89
2738,8
2739,26
2740,0
2741,86
2742,73
2743,73
2744,74
2745,22
2746,82
2747,78
2748,65
2749,39
2750,87
2751,22
2752,82
2753,99
2754,69
2755,6
2756,38
2757,94
2758,6
2759,40
2760,19
2761,54
2762,52
2763,90
2764,9
2765,28
2766,75
2767,35
2768,76
2769,15
2770,66
2771,47
2772,14
2773,10
2774,62
2775,29
2776,60
2777,99
2778,34
2779,85
2780,29
2781,93
2782,78
2783,37
2784,58
2785,90
2786,20
2787,15
2788,25
2789,93
2790,95
2791,35
2792,62
2793,20
2794,24
2795,96
2796,21
2797,79
2798,2
2799,35
2800,82
2801,73
2802,60
2803,63
2804,17
2805,49
2806,8
2807,25
2808,22
2809,20
2810,56
2811,59
2812,44
2813,43
2814,89
2815,48
2816,69
2817,17
2818,43
2819,29
2820,46
2821,88
2822,66
2823,94
2824,80
2825,70
2826,7
2827,92
2828,2
2829,97
2830,93
2831,10
2832,46
2833,43
2834,24
2835,87
2836,79
2837,90
2838,89
2839,47
2840,26
2841,78
2842,35
2843,97
2844,23
2845,69
2846,75
2847,37
2848,54
2849,94
2850,20
2851,89
2852,16
2853,47
2854,33
2855,89
2856,90
2857,45
2858,38
2859,16
2860,81
2861,28
2862,39
2863,60
2864,75
2865,86
2866,44
2867,11
2868,60
2869,42
2870,99
2871,90
2872,37
2873,42
2874,30
2875,42
2876,71
2877,96
2878,10
2879,90
2880,16
2881,14
2882,11
2883,49
2884,78
2885,49
2886,43
2887,19
2888,52
2889,43
2890,13
2891,24
2892,19
2893,74
2894,39
2895,44
2896,79
2897,27
2898,37
2899,9
2900,87
2901,59
2902,90
2903,60
2904,20
2905,49
2906,70
2907,67
2908,57
2909,89
2910,19
2911,93
2912,72
2913,52
2914,85
2915,20
2916,95
2917,34
2918,42
2919,94
2920,21
2921,0
2922,28
2923,7
2924,52
2925,91
2926,9
2927,28
2928,99
2929,8
2930,75
2931,12
2932,9
2933,15
2934,3
2935,36
2936,9
2937,46
2938,8
2939,49
2940,61
2941,43
2942,91
2943,12
2944,91
2945,86
2946,20
2947,54
2948,41
2949,98
2950,64
2951,11
2952,17
2953,7
2954,62
2955,87
2956,28
2957,47
2958,19
2959,29
2960,48
2961,20
2962,48
2963,79
2964,88
2965,87
2966,21
2967,95
2968,79
2969,62
2970,48
2971,94
2972,63
2973,12
2974,9
2975,71
2976,82
2977,93
2978,60
2979,6
2980,17
2981,33
2982,9
2983,39
2984,73
2985,12
2986,17
2987,61
2988,88
2989,20
2990,67
2991,60
2992,81
2993,2
2994,63
2995,62
2996,42
2997,33
2998,27
2999,74
3000,6
3001,63
3002,91
3003,43
3004,85
3005,16
3006,74
3007,36
3008,75
3009,38
3010,12
3011,90
3012,27
3013,70
3014,60
3015,81
3016,85
3017,79
3018,41
3019,56
3020,1
3021,11
3022,17
3023,75
3024,45
3025,70
3026,82
3027,26
3028,41
3029,61
3030,86
3031,20
3032,6
3033,54
3034,77
3035,12
3036,89
3037,41
3038,34
3039,69
3040,76
3041,30
3042,39
3043,10
3044,69
3045,75
3046,71
3047,8
3048,27
3049,97
3050,83
3051,26
3052,75
3053,93
3054,54
3055,49
3056,97
3057,45
3058,10
3059,5
3060,30
3061,86
3062,6
3063,12
3064,68
3065,95
3066,42
3067,51
3068,41
3069,89
3070,62
3071,88
3072,82
3073,27
3074,20
3075,81
3076,5
3077,83
3078,89
3079,60
3080,7
3081,21
3082,9
3083,22
3084,6
3085,93
3086,28
3087,17
3088,5
3089,74
3090,5
3091,8
3092,93
3093,73
3094,30
3095,45
3096,78
3097,30
3098,85
3099,24
3100,16
3101,91
3102,78
3103,56
3104,91
3105,12
3106,85
3107,16
3108,85
3109,48
3110,30
3111,41
3112,82
3113,93
3114,64
3115,21
3116,62
3117,6
3118,21
3119,18
3120,89
3121,93
3122,96
3123,62
3124,29
3125,70
3126,8
3127,28
3128,71
3129,68
3130,3
3131,73
3132,36
3133,21
3134,16
3135,9
3136,92
3137,98
3138,42
3139,89
3140,34
3141,9
3142,38
3143,97
3144,48
3145,44
3146,94
3147,1
3148,23
3149,20
3150,68
3151,78
3152,76
3153,77
3154,23
3155,12
3156,75
3157,29
3158,99
3159,81
3160,20
3161,88
3162,27
3163,19
3164,35
3165,8
3166,37
3167,40
3168,56
3169,39
3170,18
3171,43
3172,63
3173,23
3174,26
3175,64
3176,38
3177,87
3178,54
3179,46
3180,38
3181,70
3182,24
3183,2
3184,30
3185,95
3186,91
3187,45
3188,63
3189,59
3190,88
3191,48
3192,68
3193,82
3194,95
3195,95
3196,24
3197,54
3198,68
3199,47
3200,76
3201,90
3202,1
3203,22
3204,82
3205,70
3206,58
3207,24
3208,8
3209,88
3210,64
3211,20
3212,48
3213,24
3214,89
3215,67
3216,83
3217,74
3218,19
3219,51
3220,48
3221,98
3222,0
3223,15
3224,5
3225,19
3226,44
3227,29
3228,71
3229,49
3230,19
3231,18
3232,50
3233,4
3234,69
3235,33
3236,87
3237,89
3238,94
3239,14
3240,82
3241,5
3242,23
3243,90
3244,93
3245,33
3246,73
3247,92
3248,67
3249,24
3250,42
3251,18
3252,96
3253,30
3254,58
3255,96
3256,11
3257,75
3258,91
3259,1
3260,39
3261,89
3262,13
3263,88
3264,48
3265,46
3266,15
3267,14
3268,17
3269,28
3270,48
3271,64
3272,27
3273,94
3274,30
3275,6
3276,90
3277,15
3278,97
3279,61
3280,64
3281,20
3282,14
3283,95
3284,6
3285,47
3286,28
3287,22
3288,17
3289,17
3290,98
3291,89
3292,40
3293,30
3294,13
3295,59
3296,20
3297,2
3298,58
3299,13
3300,51
3301,52
3302,57
3303,40
3304,53
3305,69
3306,89
3307,98
3308,17
3309,69
3310,9
3311,73
3312,49
3313,39
3314,27
3315,60
3316,43
3317,63
3318,97
3319,59
3320,20
3321,69
3322,95
3323,20
3324,68
3325,48
3326,60
3327,11
3328,34
3329,92
3330,45
3331,52
3332,68
3333,83
3334,19
3335,49
3336,71
3337,29
3338,6
3339,62
3340,27
3341,6
3342,39
3343,16
3344,91
3345,70
3346,42
3347,16
3348,39
3349,21
3350,90
3351,87
3352,35
3353,24
3354,86
3355,52
3356,82
3357,26
3358,76
3359,14
3360,92
3361,57
3362,82
3363,7
3364,16
3365,17
3366,68
3367,99
3368,68
3369,18
3370,38
3371,10
3372,39
3373,29
3374,65
3375,46
3376,40
3377,48
3378,22
3379,5
3380,16
3381,41
3382,5
3383,21
3384,21
3385,15
3386,48
3387,6
3388,86
3389,70
3390,42
3391,86
3392,27
3393,81
3394,93
3395,79
3396,49
3397,20
3398,19
3399,39
3400,68
3401,4
3402,57
3403,15
3404,42
3405,9
3406,86
3407,48
3408,20
3409,14
3410,23
3411,64
3412,58
3413,39
3414,68
3415,1
3416,22
3417,13
3418,3
3419,79
3420,3
3421,78
3422,42
3423,76
3424,39
3425,18
3426,86
3427,24
3428,19
3429,1
3430,20
3431,38
3432,10
3433,30
3434,60
3435,89
3436,54
3437,58
3438,48
3439,12
3440,76
3441,41
3442,52
3443,93
3444,99
3445,48
3446,49
3447,73
3448,86
3449,52
3450,9
3451,39
3452,19
3453,1
3454,90
3455,22
3456,48
3457,99
3458,26
3459,28
3460,54
3461,21
3462,38
3463,42
3464,66
3465,4
3466,38
3467,92
3468,76
3469,31
3470,19
3471,28
3472,41
3473,33
3474,33
3475,37
3476,9
3477,39
3478,64
3479,0
3480,0
3481,86
3482,75
3483,52
3484,32
3485,45
3486,6
3487,33
3488,29
3489,30
3490,0
3491,16
3492,54
3493,4
3494,12
3495,52
3496,48
3497,63
3498,18
3499,1
3500,97
3501,87
3502,93
3503,19
3504,72
3505,63
3506,54
3507,1
3508,17
3509,97
3510,1
3511,93
3512,17
3513,23
3514,56
3515,60
3516,96
3517,74
3518,46
3519,81
3520,8
3521,20
3522,10
3523,56
3524,53
3525,86
3526,54
3527,48
3528,37
3529,19
3530,21
3531,2
3532,14
3533,85
3534,27
3535,83
3536,25
3537,15
3538,54
3539,1
3540,61
3541,20
3542,12
3543,78
3544,30
3545,48
3546,88
3547,12
3548,85
3549,88
3550,41
3551,19
3552,49
3553,70
3554,87
3555,84
3556,27
3557,9
3558,53
3559,63
3560,56
3561,15
3562,38
3563,37
3564,88
3565,28
3566,21
3567,98
3568,90
3569,24
3570,95
3571,61
3572,92
3573,27
3574,0
3575,36
3576,70
3577,55
3578,90
3579,9
3580,91
3581,41
3582,59
3583,17
3584,52
3585,39
3586,89
3587,53
3588,2
3589,9
3590,92
3591,3
3592,61
3593,23
3594,71
3595,10
3596,59
3597,23
3598,8
3599,4
3600,77
3601,67
3602,87
3603,42
3604,56
3605,79
3606,12
3607,78
3608,75
3609,37
3610,91
3611,68
3612,94
3613,28
3614,24
3615,41
3616,0
3617,20
3618,89
3619,78
3620,41
3621,22
3622,85
3623,16
3624,42
3625,68
3626,43
3627,33
3628,68
3629,53
3630,48
3631,33
3632,21
3633,85
3634,42
3635,89
3636,92
3637,71
3638,48
3639,72
3640,67
3641,74
3642,27
3643,16
3644,49
3645,94
3646,24
3647,73
3648,54
3649,23
3650,26
3651,71
3652,13
3653,61
3654,94
3655,79
3656,70
3657,55
3658,11
3659,46
3660,96
3661,77
3662,59
3663,60
3664,33
3665,21
3666,93
3667,82
3668,98
3669,54
3670,17
3671,10
3672,13
3673,1
3674,85
3675,92
3676,73
3677,92
3678,76
3679,90
3680,39
3681,4
3682,5
3683,94
3684,42
3685,38
3686,1
3687,81
3688,69
3689,48
3690,22
3691,7
3692,15
3693,6
3694,17
3695,24
3696,0
3697,47
3698,7
3699,25
3700,52
3701,62
3702,76
3703,68
3704,66
3705,19
3706,14
3707,17
3708,45
3709,49
3710,88
3711,24
3712,94
3713,40
3714,70
3715,23
3716,94
3717,17
3718,81
3719,16
3720,6
3721,42
3722,52
3723,20
3724,33
3725,51
3726,29
3727,66
3728,48
3729,3
3730,47
3731,56
3732,62
3733,43
3734,89
3735,60
3736,74
3737,86
3738,27
3739,30
3740,98
3741,7
3742,70
3743,95
3744,59
3745,42
3746,8
3747,16
3748,40
3749,81
3750,22
3751,6
3752,9
3753,67
3754,15
3755,6
3756,5
3757,89
3758,15
3759,77
3760,46
3761,54
3762,2
3763,62
3764,6
3765,13
3766,33
3767,28
3768,42
3769,1
3770,49
3771,10
3772,21
3773,47
3774,37
3775,16
3776,18
3777,17
3778,89
3779,37
3780,24
3781,82
3782,81
3783,69
3784,58
3785,39
3786,99
3787,44
3788,4
3789,24
3790,63
3791,17
3792,43
3793,10
3794,34
3795,10
3796,87
3797,24
3798,11
3799,86
3800,57
3801,3
3802,57
3803,81
3804,21
3805,18
3806,95
3807,33
3808,13
3809,1
3810,68
3811,36
3812,1
3813,95
3814,87
3815,78
3816,63
3817,25
3818,97
3819,21
3820,57
3821,9
3822,40
3823,51
3824,52
3825,64
3826,56
3827,97
3828,3
3829,88
3830,86
3831,17
3832,48
3833,20
3834,78
3835,81
3836,7
3837,21
3838,4
3839,17
3840,49
3841,83
3842,95
3843,77
3844,88
3845,19
3846,26
3847,64
3848,82
3849,55
3850,12
3851,30
3852,57
3853,23
3854,85
3855,51
3856,59
3857,90
3858,11
3859,81
3860,53
3861,82
3862,4
3863,87
3864,17
3865,49
3866,96
3867,37
3868,94
3869,9
3870,6
3871,15
3872,36
3873,10
3874,35
3875,20
3876,76
3877,94
3878,69
3879,3
3880,17
3881,48
3882,91
3883,76
3884,41
3885,28
3886,10
3887,15
3888,77
3889,14
3890,3
3891,42
3892,52
3893,41
3894,21
3895,70
3896,70
3897,81
3898,12
3899,90
3900,99
3901,33
3902,45
3903,68
3904,74
3905,2
3906,42
3907,32
3908,85
3909,59
3910,15
3911,81
3912,48
3913,18
3914,11
3915,47
3916,48
3917,17
3918,80
3919,7
3920,48
3921,99
3922,75
3923,83
3924,95
3925,17
3926,41
3927,94
3928,57
3929,41
3930,6
3931,21
3932,38
3933,85
3934,87
3935,88
3936,33
3937,10
3938,94
3939,39
3940,34
3941,87
3942,48
3943,17
3944,18
3945,68
3946,97
3947,20
3948,60
3949,95
3950,77
3951,42
3952,22
3953,90
3954,68
3955,52
3956,69
3957,53
3958,92
3959,42
3960,73
3961,7
3962,54
3963,38
3964,57
3965,16
3966,27
3967,19
3968,8
3969,24
3970,56
3971,49
3972,79
3973,69
3974,78
3975,53
3976,20
3977,22
3978,13
3979,54
3980,74
3981,49
3982,89
3983,13
3984,92
3985,19
3986,19
3987,64
3988,60
3989,31
3990,7
3991,85
3992,88
3993,81
3994,17
3995,99
3996,58
3997,52
3998,88
3999,75
4000,66
4001,29
4002,44
4003,52
4004,14
4005,24
4006,87
4007,52
4008,62
4009,10
4010,86
4011,34
4012,13
4013,83
4014,42
4015,33
4016,75
4017,81
4018,47
4019,95
4020,77
4021,91
4022,91
4023,35
4024,67
4025,58
4026,89
4027,39
4028,97
4029,61
4030,33
4031,58
4032,15
4033,24
4034,68
4035,15
4036,83
4037,57
4038,27
4039,0
4040,95
4041,34
4042,19
4043,27
4044,29
4045,67
4046,97
4047,62
4048,52
4049,42
4050,2
4051,95
4052,27
4053,13
4054,71
4055,79
4056,48
4057,5
4058,57
4059,33
4060,42
4061,30
4062,49
4063,68
4064,39
4065,53
4066,6
4067,39
4068,28
4069,29
4070,76
4071,22
4072,24
4073,69
4074,47
4075,21
4076,42
4077,89
4078,52
4079,12
4080,94
4081,21
4082,17
4083,95
4084,40
4085,59
4086,82
4087,75
4088,71
4089,30
4090,12
4091,47
4092,30
4093,44
4094,48
4095,34
4096,39
4097,85
4098,20
4099,11
4100,22
4101,35
4102,48
4103,77
4104,52
4105,34
4106,6
4107,12
4108,62
4109,30
4110,15
4111,44
4112,76
4113,69
4114,46
4115,14
4116,41
4117,56
4118,66
4119,46
4120,18
4121,22
4122,79
4123,1
4124,7
4125,82
4126,52
4127,58
4128,67
4129,8
4130,67
4131,88
4132,69
4133,94
4134,69
4135,89
4136,58
4137,71
4138,48
4139,18
4140,63
4141,77
4142,78
4143,22
4144,61
4145,47
4146,67
4147,84
4148,73
4149,95
4150,75
4151,30
4152,38
4153,46
4154,33
4155,65
4156,40
4157,88
4158,0
4159,74
4160,58
4161,18
4162,1
4163,68
4164,89
4165,63
4166,63
4167,20
4168,64
4169,49
4170,40
4171,40
4172,62
4173,67
4174,3
4175,20
4176,41
4177,9
4178,13
4179,16
4180,62
4181,58
4182,54
4183,78
4184,17
4185,52
4186,4
4187,42
4188,54
4189,41
4190,16
4191,34
4192,64
4193,85
4194,39
4195,38
4196,17
4197,15
4198,6
4199,30
4200,63
4201,42
4202,22
4203,19
4204,48
4205,27
4206,81
4207,26
4208,38
4209,43
4210,53
4211,89
4212,42
4213,97
4214,87
4215,46
4216,47
4217,89
4218,48
4219,70
4220,47
4221,17
4222,89
4223,73
4224,13
4225,33
4226,58
4227,18
4228,5
4229,7
4230,45
4231,17
4232,30
4233,84
4234,76
4235,85
4236,77
4237,38
4238,7
4239,29
4240,56
4241,52
4242,86
4243,15
4244,41
4245,76
4246,86
4247,7
4248,15
4249,33
4250,9
4251,81
4252,83
4253,5
4254,46
4255,13
4256,0
4257,77
4258,33
4259,0
4260,42
4261,52
4262,56
4263,47
4264,27
4265,90
4266,94
4267,6
4268,47
4269,36
4270,8
4271,54
4272,58
4273,37
4274,16
4275,63
4276,10
4277,92
4278,46
4279,85
4280,38
4281,2
4282,56
4283,63
4284,37
4285,60
4286,30
4287,58
4288,38
4289,24
4290,87
4291,18
4292,33
4293,17
4294,42
4295,17
4296,17
4297,38
4298,1
4299,86
4300,44
4301,40
4302,22
4303,5
4304,31
4305,49
4306,24
4307,27
4308,31
4309,59
4310,52
4311,89
4312,33
4313,8
4314,48
4315,93
4316,92
4317,53
4318,9
4319,46
4320,60
4321,13
4322,14
4323,54
4324,38
4325,87
4326,62
4327,1
4328,46
4329,39
4330,55
4331,37
4332,27
4333,52
4334,70
4335,24
4336,28
4337,94
4338,24
4339,54
4340,58
4341,21
4342,54
4343,93
4344,76
4345,42
4346,54
4347,51
4348,89
4349,48
4350,45
4351,2
4352,38
4353,33
4354,7
4355,18
4356,73
4357,20
4358,81
4359,33
4360,48
4361,40
4362,37
4363,98
4364,48
4365,21
4366,2
4367,48
4368,52
4369,71
4370,89
4371,87
4372,24
4373,56
4374,42
4375,81
4376,29
4377,3
4378,22
4379,88
4380,77
4381,81
4382,38
4383,86
4384,3
4385,33
4386,35
4387,5
4388,49
4389,27
4390,89
4391,12
4392,7
4393,96
4394,42
4395,99
4396,57
4397,12
4398,85
4399,77
4400,89
4401,7
4402,31
4403,21
4404,50
4405,30
4406,11
4407,52
4408,38
4409,54
4410,23
4411,73
4412,88
4413,56
4414,61
4415,78
4416,24
4417,69
4418,9
4419,0
4420,95
4421,95
4422,17
4423,14
4424,0
4425,13
4426,94
4427,38
4428,60
4429,82
4430,18
4431,16
4432,76
4433,97
4434,30
4435,58
4436,28
4437,53
4438,55
4439,94
4440,21
4441,83
4442,54
4443,91
4444,74
4445,40
4446,7
4447,39
4448,57
4449,59
4450,71
4451,19
4452,7
4453,24
4454,63
4455,59
4456,54
4457,22
4458,28
4459,60
4460,84
4461,35
4462,94
4463,54
4464,97
4465,61
4466,76
4467,6
4468,81
4469,62
4470,57
4471,39
4472,52
4473,77
4474,94
4475,90
4476,37
4477,88
4478,82
4479,95
4480,41
4481,45
4482,58
4483,81
4484,79
4485,72
4486,81
4487,38
4488,88
4489,45
4490,82
4491,2
4492,60
4493,14
4494,79
4495,23
4496,60
4497,66
4498,81
4499,1
4500,92
4501,67
4502,31
4503,61
4504,48
4505,28
4506,63
4507,87
4508,75
4509,18
4510,90
4511,21
4512,31
4513,17
4514,63
4515,57
4516,56
4517,5
4518,72
4519,38
4520,16
4521,19
4522,71
4523,95
4524,88
4525,81
4526,71
4527,52
4528,77
4529,7
4530,81
4531,57
4532,38
4533,5
4534,27
4535,27
4536,51
4537,21
4538,89
4539,51
4540,68
4541,30
4542,85
4543,42
4544,60
4545,56
4546,36
4547,18
4548,73
4549,41
4550,75
4551,6
4552,81
4553,66
4554,79
4555,24
4556,64
4557,70
4558,88
4559,86
4560,29
4561,93
4562,54
4563,95
4564,78
4565,52
4566,67
4567,94
4568,63
4569,87
4570,42
4571,73
4572,63
4573,73
4574,63
4575,52
4576,66
4577,51
4578,70
4579,24
4580,37
4581,17
4582,31
4583,11
4584,9
4585,75
4586,60
4587,6
4588,86
4589,0
4590,93
4591,37
4592,24
4593,17
4594,17
4595,43
4596,68
4597,44
4598,43
4599,96
4600,60
4601,61
4602,33
4603,54
4604,89
4605,5
4606,89
4607,53
4608,14
4609,27
4610,42
4611,14
4612,82
4613,49
4614,64
4615,84
4616,30
4617,95
4618,22
4619,39
4620,86
4621,37
4622,89
4623,32
4624,78
4625,22
4626,1
4627,15
4628,58
4629,40
4630,26
4631,87
4632,54
4633,88
4634,0
4635,3
4636,37
4637,26
4638,15
4639,12
4640,18
4641,20
4642,53
4643,18
4644,54
4645,58
4646,33
4647,68
4648,42
4649,88
4650,47
4651,85
4652,16
4653,86
4654,92
4655,60
4656,13
4657,52
4658,18
4659,64
4660,8
4661,29
4662,39
4663,23
4664,8
4665,48
4666,78
4667,38
4668,96
4669,24
4670,42
4671,62
4672,40
4673,92
4674,77
4675,30
4676,53
4677,52
4678,5
4679,78
4680,66
4681,84
4682,30
4683,15
4684,87
4685,52
4686,43
4687,42
4688,98
4689,76
4690,39
4691,40
4692,76
4693,22
4694,36
4695,4
4696,33
4697,98
4698,73
4699,43
4700,13
4701,60
4702,87
4703,71
4704,82
4705,57
4706,38
4707,26
4708,60
4709,61
4710,1
4711,88
4712,48
4713,68
4714,51
4715,53
4716,93
4717,68
4718,22
4719,41
4720,91
4721,4
4722,51
4723,18
4724,37
4725,60
4726,74
4727,19
4728,62
4729,71
4730,7
4731,42
4732,53
4733,61
4734,18
4735,73
4736,41
4737,94
4738,89
4739,54
4740,97
4741,63
4742,89
4743,48
4744,74
4745,30
4746,38
4747,7
4748,94
4749,6
4750,7
4751,23
4752,71
4753,66
4754,48
4755,48
4756,4
4757,53
4758,7
4759,20
4760,81
4761,62
4762,33
4763,24
4764,7
4765,95
4766,93
4767,6
4768,12
4769,49
4770,17
4771,78
4772,4
4773,34
4774,23
4775,13
4776,94
4777,92
4778,35
4779,28
4780,22
4781,88
4782,72
4783,95
4784,68
4785,21
4786,87
4787,69
4788,83
4789,89
4790,28
4791,67
4792,53
4793,73
4794,33
4795,43
4796,49
4797,33
4798,73
4799,66
4800,88
4801,38
4802,15
4803,53
4804,75
4805,63
4806,92
4807,69
4808,17
4809,3
4810,60
4811,75
4812,78
4813,54
4814,34
4815,65
4816,17
4817,53
4818,47
4819,30
4820,76
4821,5
4822,40
4823,38
4824,22
4825,33
4826,60
4827,41
4828,1
4829,71
4830,94
4831,47
4832,93
4833,53
4834,73
4835,24
4836,21
4837,14
4838,97
4839,56
4840,13
4841,81
4842,34
4843,69
4844,78
4845,2
4846,84
4847,88
4848,10
4849,76
4850,83
4851,22
4852,8
4853,58
4854,3
4855,33
4856,95
4857,66
4858,42
4859,42
4860,68
4861,54
4862,6
4863,14
4864,91
4865,1
4866,53
4867,90
4868,6
4869,88
4870,91
4871,73
4872,92
4873,15
4874,54
4875,5
4876,46
4877,83
4878,30
4879,88
4880,39
4881,45
4882,98
4883,48
4884,47
4885,89
4886,83
4887,72
4888,90
4889,1
4890,42
4891,81
4892,16
4893,78
4894,13
4895,5
4896,14
4897,95
4898,14
4899,42
4900,28
4901,28
4902,1
4903,87
4904,26
4905,26
4906,6
4907,38
4908,85
4909,14
4910,18
4911,8
4912,78
4913,82
4914,30
4915,0
4916,79
4917,48
4918,60
4919,43
4920,20
4921,41
4922,8
4923,30
4924,39
4925,92
4926,88
4927,26
4928,91
4929,85
4930,7
4931,90
4932,73
4933,2
4934,52
4935,52
4936,41
4937,52
4938,78
4939,53
4940,23
4941,85
4942,37
4943,71
4944,39
4945,93
4946,12
4947,24
4948,38
4949,18
4950,60
4951,48
4952,88
4953,95
4954,60
4955,7
4956,63
4957,54
4958,88
4959,30
4960,73
4961,48
4962,30
4963,86
4964,34
4965,54
4966,76
4967,12
4968,19
4969,42
4970,92
4971,99
4972,76
4973,15
4974,54
4975,6
4976,1
4977,23
4978,37
4979,18
4980,71
4981,37
4982,84
4983,53
4984,8
4985,21
4986,91
4987,82
4988,73
4989,60
4990,28
4991,56
4992,49
4993,87
4994,42
4995,14
4996,56
4997,53
4998,34
4999,69
5000,64
5001,3
5002,8
5003,63
5004,54
5005,18
5006,33
5007,54
5008,32
5009,33
5010,69
5011,82
5012,53
5013,84
5014,68
5015,39
5016,53
5017,79
5018,9
5019,69
5020,69
5021,33
5022,88
5023,89
5024,59
5025,17
5026,62
5027,39
5028,5
5029,0
5030,38
5031,79
5032,13
5033,63
5034,35
5035,23
5036,63
5037,0
5038,38
5039,58
5040,62
5041,86
5042,91
5043,53
5044,6
5045,93
5046,79
5047,59
5048,15
5049,95
5050,49
5051,88
5052,11
5053,62
5054,97
5055,95
5056,54
5057,22
5058,33
5059,81
5060,5
5061,17
5062,48
5063,17
5064,99
5065,65
5066,58
5067,13
5068,68
5069,7
5070,67
5071,70
5072,37
5073,1
5074,64
5075,27
5076,45
5077,5
5078,60
5079,30
5080,41
5081,14
5082,12
5083,8
5084,17
5085,74
5086,58
5087,41
5088,51
5089,81
5090,22
5091,34
5092,13
5093,64
5094,49
5095,34
5096,6
5097,97
5098,18
5099,58
5100,85
5101,29
5102,79
5103,49
5104,7
5105,20
5106,78
5107,78
5108,70
5109,54
5110,89
5111,92
5112,49
5113,21
5114,48
5115,15
5116,54
5117,2
5118,16
5119,75
5120,49
5121,99
5122,86
5123,85
5124,24
5125,86
5126,94
5127,34
5128,89
5129,34
5130,2
5131,89
5132,73
5133,43
5134,85
5135,76
5136,97
5137,45
5138,77
5139,81
5140,38
5141,6
5142,97
5143,1
5144,15
5145,77
5146,53
5147,89
5148,33
5149,19
5150,85
5151,46
5152,13
5153,26
5154,42
5155,77
5156,7
5157,42
5158,26
5159,88
5160,8
5161,1
5162,67
5163,29
5164,46
5165,21
5166,13
5167,71
5168,17
5169,86
5170,3
5171,7
5172,95
5173,73
5174,61
5175,48
5176,93
5177,58
5178,24
5179,42
5180,24
5181,82
5182,15
5183,24
5184,62
5185,81
5186,35
5187,38
5188,95
5189,88
5190,68
5191,27
5192,35
5193,78
5194,69
5195,21
5196,53
5197,54
5198,15
5199,76
5200,63
5201,59
5202,11
5203,57
5204,99
5205,38
5206,18
5207,68
5208,0
5209,20
5210,14
5211,75
5212,56
5213,83
5214,84
5215,69
5216,3
5217,75
5218,38
5219,30
5220,46
5221,78
5222,52
5223,67
5224,95
5225,42
5226,97
5227,42
5228,91
5229,7
5230,15
5231,27
5232,70
5233,86
5234,54
5235,95
5236,70
5237,48
5238,78
5239,21
5240,87
5241,52
5242,18
5243,7
5244,15
5245,18
5246,69
5247,48
5248,12
5249,71
5250,38
5251,15
5252,21
5253,9
5254,76
5255,6
5256,79
5257,5
5258,53
5259,12
5260,20
5261,45
5262,64
5263,27
5264,89
5265,33
5266,54
5267,49
5268,76
5269,38
5270,90
5271,84
5272,83
5273,22
5274,95
5275,44
5276,95
5277,23
5278,48
5279,11
5280,95
5281,54
5282,89
5283,22
5284,68
5285,41
5286,44
5287,99
5288,83
5289,37
5290,4
5291,38
5292,16
5293,68
5294,61
5295,67
5296,21
5297,78
5298,68
5299,2
5300,15
5301,61
5302,23
5303,14
5304,27
5305,98
5306,45
5307,76
5308,42
5309,27
5310,52
5311,68
5312,82
5313,48
5314,86
5315,52
5316,63
5317,42
5318,13
5319,79
5320,79
5321,7
5322,33
5323,77
5324,13
5325,61
5326,71
5327,7
5328,79
5329,88
5330,75
5331,47
5332,79
5333,45
5334,20
5335,25
5336,99
5337,13
5338,18
5339,10
5340,58
5341,89
5342,41
5343,7
5344,16
5345,83
5346,42
5347,33
5348,91
5349,91
5350,58
5351,73
5352,74
5353,63
5354,42
5355,74
5356,30
5357,60
5358,9
5359,47
5360,81
5361,76
5362,87
5363,53
5364,13
5365,63
5366,45
5367,75
5368,24
5369,75
5370,17
5371,42
5372,92
5373,6
5374,97
5375,48
5376,96
5377,79
5378,41
5379,2
5380,90
5381,48
5382,38
5383,17
5384,78
5385,59
5386,8
5387,15
5388,38
5389,32
5390,10
5391,67
5392,1
5393,64
5394,96
5395,15
5396,19
5397,73
5398,13
5399,48
5400,67
5401,28
5402,81
5403,6
5404,33
5405,20
5406,68
5407,94
5408,59
5409,42
5410,17
5411,54
5412,92
5413,82
5414,95
5415,7
5416,13
5417,92
5418,92
5419,12
5420,41
5421,87
5422,87
5423,68
5424,75
5425,70
5426,73
5427,88
5428,45
5429,73
5430,28
5431,99
5432,83
5433,21
5434,42
5435,70
5436,48
5437,54
5438,42
5439,17
5440,1
5441,8
5442,31
5443,62
5444,99
5445,6
5446,88
5447,55
5448,38
5449,89
5450,6
5451,73
5452,7
5453,89
5454,95
5455,21
5456,42
5457,87
5458,49
5459,47
5460,76
5461,19
5462,68
5463,61
5464,79
5465,70
5466,52
5467,74
5468,0
5469,74
5470,61
5471,74
5472,24
5473,52
5474,60
5475,14
5476,90
5477,30
5478,90
5479,16
5480,54
5481,40
5482,5
5483,9
5484,34
5485,9
5486,87
5487,28
5488,70
5489,94
5490,34
5491,82
5492,57
5493,49
5494,15
5495,42
5496,52
5497,72
5498,17
5499,7
5500,93
5501,89
5502,16
5503,73
5504,10
5505,79
5506,48
5507,90
5508,19
5509,45
5510,67
5511,48
5512,63
5513,52
5514,59
5515,8
5516,39
5517,47
5518,89
5519,85
5520,47
5521,56
5522,93
5523,62
5524,66
5525,9
5526,15
5527,94
5528,82
5529,37
5530,48
5531,29
5532,4
5533,37
5534,76
5535,81
5536,97
5537,22
5538,15
5539,97
5540,67
5541,89
5542,88
5543,22
5544,38
5545,31
5546,89
5547,0
5548,79
5549,89
5550,70
5551,22
5552,56
5553,41
5554,46
5555,20
5556,82
5557,1
5558,10
5559,60
5560,52
5561,5
5562,82
5563,78
5564,78
5565,58
5566,42
5567,98
5568,97
5569,3
5570,19
5571,93
5572,86
5573,73
5574,45
5575,73
5576,58
5577,91
5578,17
5579,48
5580,52
5581,23
5582,62
5583,1
5584,94
5585,88
5586,78
5587,88
5588,74
5589,91
5590,46
5591,77
5592,86
5593,72
5594,7
5595,89
5596,92
5597,2
5598,14
5599,1
5600,12
5601,17
5602,40
5603,20
5604,88
5605,46
5606,33
5607,42
5608,1
5609,83
5610,24
5611,95
5612,80
5613,12
5614,95
5615,79
5616,51
5617,26
5618,48
5619,20
5620,54
5621,45
5622,90
5623,27
5624,82
5625,59
5626,82
5627,25
5628,6
5629,28
5630,59
5631,97
5632,9
5633,71
5634,89
5635,42
5636,78
5637,15
5638,16
5639,54
5640,5
5641,41
5642,43
5643,99
5644,64
5645,88
5646,9
5647,89
5648,53
5649,38
5650,88
5651,24
5652,5
5653,35
5654,8
5655,71
5656,30
5657,48
5658,71
5659,56
5660,35
5661,81
5662,76
5663,48
5664,53
5665,89
5666,32
5667,68
5668,30
5669,34
5670,79
5671,8
5672,6
5673,15
5674,87
5675,77
5676,69
5677,94
5678,79
5679,77
5680,30
5681,66
5682,38
5683,68
5684,98
5685,49
5686,17
5687,61
5688,66
5689,76
5690,9
5691,88
5692,98
5693,89
5694,97
5695,34
5696,47
5697,78
5698,60
5699,6
5700,18
5701,35
5702,49
5703,17
5704,13
5705,73
5706,30
5707,89
5708,16
5709,63
5710,9
5711,39
5712,19
5713,46
5714,69
5715,86
5716,11
5717,88
5718,53
5719,7
5720,7
5721,91
5722,64
5723,28
5724,69
5725,2
5726,89
5727,91
5728,50
5729,71
5730,88
5731,94
5732,47
5733,38
5734,76
5735,5
5736,4
5737,87
5738,19
5739,92
5740,54
5741,81
5742,30
5743,39
5744,45
5745,6
5746,9
5747,58
5748,39
5749,42
5750,31
5751,30
5752,90
5753,78
5754,88
5755,17
5756,16
5757,56
5758,69
5759,76
5760,89
5761,21
5762,26
5763,24
5764,89
5765,40
5766,61
5767,39
5768,97
5769,54
5770,52
5771,24
5772,90
5773,95
5774,27
5775,85
5776,39
5777,15
5778,54
5779,23
5780,68
5781,48
5782,30
5783,15
5784,70
5785,68
5786,63
5787,82
5788,34
5789,95
5790,88
5791,63
5792,87
5793,49
5794,88
5795,85
5796,33
5797,52
5798,43
5799,48
5800,87
5801,19
5802,94
5803,99
5804,4
5805,22
5806,18
5807,54
5808,44
5809,38
5810,15
5811,17
5812,23
5813,69
5814,28
5815,90
5816,66
5817,36
5818,21
5819,96
5820,56
5821,20
5822,16
5823,81
5824,71
5825,17
5826,99
5827,33
5828,16
5829,45
5830,38
5831,95
5832,99
5833,87
5834,24
5835,73
5836,61
5837,47
5838,48
5839,17
5840,89
5841,89
5842,63
5843,22
5844,16
5845,69
5846,96
5847,88
5848,43
5849,99
5850,55
5851,13
5852,87
5853,28
5854,96
5855,17
5856,38
5857,34
5858,43
5859,68
5860,98
5861,9
5862,91
5863,90
5864,39
5865,10
5866,7
5867,8
5868,55
5869,71
5870,3
5871,92
5872,35
5873,70
5874,53
5875,46
5876,13
5877,91
5878,34
5879,18
5880,94
5881,92
5882,43
5883,52
5884,37
5885,40
5886,1
5887,60
5888,52
5889,76
5890,20
5891,39
5892,94
5893,46
5894,28
5895,30
5896,10
5897,68
5898,79
5899,87
5900,75
5901,79
5902,19
5903,39
5904,11
5905,17
5906,97
5907,23
5908,63
5909,48
5910,6
5911,40
5912,33
5913,35
5914,53
5915,89
5916,89
5917,83
5918,84
5919,21
5920,15
5921,22
5922,74
5923,37
5924,56
5925,13
5926,66
5927,66
5928,48
5929,78
5930,78
5931,39
5932,76
5933,42
5934,53
5935,5
5936,18
5937,73
5938,63
5939,88
5940,82
5941,91
5942,85
5943,96
5944,13
5945,47
5946,9
5947,51
5948,61
5949,90
5950,48
5951,79
5952,88
5953,41
5954,38
5955,2
5956,98
5957,9
5958,54
5959,51
5960,87
5961,82
5962,87
5963,81
5964,95
5965,11
5966,69
5967,98
5968,41
5969,67
5970,71
5971,4
5972,43
5973,20
5974,43
5975,42
5976,27
5977,76
5978,37
5979,75
5980,5
5981,23
5982,30
5983,16
5984,85
5985,41
5986,80
5987,56
5988,37
5989,75
5990,95
5991,16
5992,32
5993,17
5994,88
5995,9
5996,65
5997,30
5998,38
5999,98
6000,86
6001,74
6002,90
6003,0
6004,96
6005,73
6006,35
6007,30
6008,56
6009,22
6010,79
6011,42
6012,28
6013,24
6014,49
6015,34
6016,62
6017,81
6018,5
6019,20
6020,52
6021,29
6022,9
6023,99
6024,81
6025,33
6026,46
6027,23
6028,86
6029,80
6030,16
6031,90
6032,84
6033,51
6034,5
6035,68
6036,89
6037,58
6038,40
6039,26
6040,91
6041,41
6042,90
6043,77
6044,50
6045,9
6046,29
6047,23
6048,51
6049,52
6050,38
6051,49
6052,41
6053,66
6054,62
6055,48
6056,92
6057,24
6058,16
6059,72
6060,42
6061,91
6062,56
6063,27
6064,63
6065,18
6066,88
6067,19
6068,79
6069,15
6070,36
6071,75
6072,59
6073,6
6074,24
6075,72
6076,22
6077,13
6078,33
6079,39
6080,21
6081,30
6082,89
6083,48
6084,93
6085,73
6086,16
6087,5
6088,66
6089,88
6090,24
6091,43
6092,54
6093,89
6094,94
6095,81
6096,42
6097,99
6098,17
6099,49
6100,66
6101,16
6102,4
6103,99
6104,38
6105,56
6106,91
6107,48
6108,90
6109,13
6110,38
6111,57
6112,56
6113,46
6114,88
6115,18
6116,2
6117,69
6118,57
6119,26
6120,99
6121,32
6122,79
6123,58
6124,95
6125,24
6126,89
6127,1
6128,96
6129,39
6130,85
6131,82
6132,1
6133,43
6134,39
6135,81
6136,70
6137,70
6138,94
6139,19
6140,30
6141,68
6142,26
6143,11
6144,8
6145,52
6146,9
6147,29
6148,40
6149,69
6150,54
6151,23
6152,10
6153,62
6154,56
6155,88
6156,53
6157,38
6158,19
6159,75
6160,81
6161,14
6162,88
6163,42
6164,58
6165,78
6166,8
6167,27
6168,93
6169,64
6170,11
6171,78
6172,45
6173,29
6174,57
6175,54
6176,18
6177,48
6178,16
6179,82
6180,99
6181,70
6182,23
6183,81
6184,15
6185,66
6186,48
6187,12
6188,27
6189,39
6190,57
6191,38
6192,85
6193,74
6194,16
6195,74
6196,2
6197,1
6198,27
6199,54
6200,20
6201,98
6202,21
6203,85
6204,34
6205,94
6206,49
6207,7
6208,60
6209,41
6210,15
6211,75
6212,46
6213,74
6214,98
6215,82
6216,85
6217,4
6218,33
6219,20
6220,96
6221,77
6222,29
6223,72
6224,79
6225,31
6226,24
6227,9
6228,48
6229,83
6230,45
6231,35
6232,47
6233,54
6234,43
6235,7
6236,42
6237,20
6238,48
6239,1
6240,87
6241,97
6242,60
6243,87
6244,57
6245,64
6246,23
6247,7
6248,54
6249,70
6250,97
6251,46
6252,15
6253,51
6254,55
6255,90
6256,87
6257,16
6258,10
6259,46
6260,21
6261,63
6262,38
6263,92
6264,7
6265,2
6266,90
6267,42
6268,79
6269,21
6270,51
6271,60
6272,48
6273,68
6274,18
6275,6
6276,73
6277,66
6278,0
6279,87
6280,88
6281,22
6282,58
6283,4
6284,60
6285,38
6286,20
6287,54
6288,46
6289,77
6290,73
6291,27
6292,52
6293,98
6294,29
6295,48
6296,56
6297,94
6298,81
6299,68
6300,85
6301,85
6302,92
6303,68
6304,39
6305,48
6306,79
6307,59
6308,54
6309,16
6310,24
6311,17
6312,73
6313,1
6314,54
6315,38
6316,5
6317,87
6318,3
6319,37
6320,72
6321,68
6322,31
6323,94
6324,90
6325,69
6326,88
6327,29
6328,8
6329,40
6330,92
6331,8
6332,36
6333,22
6334,39
6335,5
6336,37
6337,27
6338,21
6339,49
6340,83
6341,22
6342,38
6343,82
6344,53
6345,43
6346,12
6347,77
6348,74
6349,20
6350,93
6351,42
6352,17
6353,40
6354,81
6355,83
6356,89
6357,37
6358,89
6359,79
6360,73
6361,41
6362,17
6363,42
6364,90
6365,52
6366,6
6367,10
6368,57
6369,79
6370,48
6371,9
6372,9
6373,42
6374,82
6375,95
6376,78
6377,6
6378,22
6379,37
6380,4
6381,99
6382,39
6383,33
6384,98
6385,49
6386,23
6387,47
6388,42
6389,38
6390,30
6391,46
6392,20
6393,52
6394,37
6395,6
6396,83
6397,79
6398,5
6399,4
6400,23
6401,42
6402,38
6403,86
6404,24
6405,89
6406,29
6407,62
6408,90
6409,90
6410,60
6411,1
6412,52
6413,73
6414,24
6415,32
6416,1
6417,21
6418,68
6419,24
6420,14
6421,86
6422,52
6423,99
6424,12
6425,0
6426,90
6427,29
6428,64
6429,48
6430,41
6431,87
6432,73
6433,68
6434,84
6435,30
6436,17
6437,95
6438,15
6439,70
6440,66
6441,20
6442,64
6443,9
6444,15
6445,92
6446,83
6447,43
6448,68
6449,6
6450,13
6451,96
6452,50
6453,81
6454,31
6455,5
6456,46
6457,54
6458,0
6459,1
6460,47
6461,65
6462,2
6463,38
6464,66
6465,92
6466,17
6467,90
6468,81
6469,23
6470,88
6471,79
6472,75
6473,16
6474,52
6475,44
6476,54
6477,30
6478,59
6479,71
6480,17
6481,82
6482,58
6483,90
6484,89
6485,40
6486,14
6487,16
6488,10
6489,39
6490,78
6491,41
6492,81
6493,19
6494,74
6495,41
6496,86
6497,53
6498,89
6499,86
6500,85
6501,79
6502,45
6503,22
6504,79
6505,52
6506,92
6507,33
6508,68
6509,76
6510,68
6511,88
6512,54
6513,30
6514,25
6515,54
6516,38
6517,97
6518,86
6519,42
6520,70
6521,42
6522,35
6523,79
6524,45
6525,10
6526,44
6527,61
6528,52
6529,44
6530,15
6531,64
6532,8
6533,49
6534,5
6535,53
6536,76
6537,72
6538,95
6539,42
6540,43
6541,33
6542,27
6543,45
6544,82
6545,28
6546,68
6547,49
6548,16
6549,37
6550,47
6551,19
6552,89
6553,95
6554,90
6555,81
6556,28
6557,75
6558,83
6559,69
6560,82
6561,63
6562,45
6563,88
6564,52
6565,22
6566,52
6567,98
6568,58
6569,28
6570,6
6571,30
6572,21
6573,92
6574,39
6575,1
6576,83
6577,89
6578,42
6579,24
6580,79
6581,45
6582,29
6583,64
6584,53
6585,42
6586,19
6587,38
6588,59
6589,40
6590,63
6591,62
6592,24
6593,6
6594,41
6595,21
6596,29
6597,42
6598,86
6599,29
6600,20
6601,79
6602,8
6603,84
6604,30
6605,52
6606,18
6607,57
6608,95
6609,16
6610,13
6611,5
6612,13
6613,34
6614,52
6615,74
6616,45
6617,93
6618,13
6619,42
6620,45
6621,63
6622,54
6623,41
6624,99
6625,59
6626,12
6627,16
6628,82
6629,88
6630,75
6631,48
6632,1
6633,27
6634,95
6635,45
6636,0
6637,95
6638,0
6639,59
6640,80
6641,14
6642,33
6643,0
6644,90
6645,40
6646,76
6647,15
6648,93
6649,77
6650,2
6651,43
6652,40
6653,17
6654,46
6655,61
6656,89
6657,71
6658,13
6659,37
6660,17
6661,73
6662,73
6663,78
6664,99
6665,6
6666,41
6667,73
6668,33
6669,16
6670,93
6671,85
6672,42
6673,48
6674,68
6675,27
6676,76
6677,15
6678,2
6679,58
6680,54
6681,5
6682,58
6683,98
6684,1
6685,48
6686,38
6687,92
6688,40
6689,37
6690,65
6691,78
6692,34
6693,78
6694,45
6695,71
6696,81
6697,11
6698,42
6699,38
6700,71
6701,77
6702,24
6703,4
6704,85
6705,20
6706,24
6707,63
6708,96
6709,32
6710,77
6711,61
6712,91
6713,63
6714,71
6715,49
6716,42
6717,48
6718,27
6719,60
6720,58
6721,17
6722,17
6723,40
6724,77
6725,48
6726,12
6727,7
6728,22
6729,88
6730,13
6731,15
6732,23
6733,21
6734,15
6735,12
6736,96
6737,88
6738,66
6739,43
6740,67
6741,42
6742,49
6743,24
6744,65
6745,58
6746,38
6747,71
6748,20
6749,38
6750,8
6751,1
6752,98
6753,6
6754,16
6755,92
6756,74
6757,78
6758,79
6759,33
6760,95
6761,75
6762,24
6763,89
6764,8
6765,53
6766,38
6767,51
6768,43
6769,33
6770,7
6771,92
6772,44
6773,62
6774,31
6775,8
6776,49
6777,52
6778,88
6779,89
6780,17
6781,68
6782,55
6783,14
6784,32
6785,52
6786,43
6787,94
6788,85
6789,5
6790,89
6791,2
6792,39
6793,63
6794,79
6795,90
6796,88
6797,26
6798,23
6799,29
6800,22
6801,44
6802,68
6803,71
6804,47
6805,86
6806,6
6807,99
6808,54
6809,1
6810,26
6811,0
6812,56
6813,45
6814,77
6815,11
6816,7
6817,68
6818,19
6819,79
6820,81
6821,24
6822,74
6823,83
6824,24
6825,5
6826,99
6827,89
6828,7
6829,60
6830,95
6831,89
6832,47
6833,33
6834,38
6835,16
6836,0
6837,46
6838,1
6839,43
6840,20
6841,42
6842,85
6843,46
6844,56
6845,30
6846,76
6847,67
6848,8
6849,17
6850,76
6851,88
6852,82
6853,1
6854,29
6855,41
6856,78
6857,17
6858,92
6859,94
6860,94
6861,4
6862,47
6863,90
6864,79
6865,73
6866,11
6867,53
6868,59
6869,50
6870,20
6871,78
6872,54
6873,6
6874,64
6875,21
6876,35
6877,15
6878,89
6879,70
6880,31
6881,33
6882,37
6883,79
6884,49
6885,52
6886,75
6887,71
6888,24
6889,65
6890,38
6891,20
6892,45
6893,79
6894,28
6895,77
6896,42
6897,43
6898,78
6899,77
6900,56
6901,48
6902,48
6903,15
6904,33
6905,1
6906,85
6907,9
6908,52
6909,89
6910,98
6911,19
6912,17
6913,74
6914,74
6915,73
6916,98
6917,75
6918,42
6919,5
6920,81
6921,85
6922,78
6923,33
6924,63
6925,71
6926,21
6927,27
6928,66
6929,53
6930,45
6931,38
6932,94
6933,97
6934,34
6935,41
6936,89
6937,21
6938,30
6939,82
6940,5
6941,58
6942,27
6943,9
6944,94
6945,27
6946,15
6947,54
6948,59
6949,27
6950,18
6951,63
6952,12
6953,91
6954,60
6955,24
6956,18
6957,62
6958,52
6959,43
6960,73
6961,63
6962,81
6963,83
6964,5
6965,68
6966,94
6967,15
6968,73
6969,9
6970,88
6971,43
6972,69
6973,51
6974,54
6975,31
6976,23
6977,48
6978,42
6979,88
6980,88
6981,69
6982,63
6983,88
6984,12
6985,12
6986,30
6987,39
6988,60
6989,14
6990,88
6991,58
6992,87
6993,52
6994,85
6995,73
6996,64
6997,93
6998,5
6999,62
7000,71
7001,44
7002,47
7003,20
7004,85
7005,95
7006,74
7007,81
7008,23
7009,46
7010,21
7011,7
7012,99
7013,45
7014,49
7015,3
7016,79
7017,90
7018,74
7019,18
7020,33
7021,24
7022,83
7023,70
7024,69
7025,8
7026,96
7027,67
7028,8
7029,62
7030,72
7031,42
7032,20
7033,89
7034,12
7035,81
7036,69
7037,95
7038,95
7039,71
7040,16
7041,19
7042,72
7043,48
7044,33
7045,61
7046,21
7047,43
7048,5
7049,37
7050,72
7051,71
7052,83
7053,74
7054,83
7055,32
7056,87
7057,30
7058,46
7059,49
7060,17
7061,48
7062,54
7063,92
7064,48
7065,10
7066,12
7067,28
7068,9
7069,27
7070,17
7071,8
7072,61
7073,90
7074,38
7075,74
7076,71
7077,49
7078,93
7079,11
7080,38
7081,88
7082,88
7083,89
7084,31
7085,41
7086,89
7087,98
7088,49
7089,15
7090,95
7091,62
7092,33
7093,57
7094,89
7095,60
7096,68
7097,36
7098,82
7099,35
7100,38
7101,38
7102,22
7103,98
7104,83
7105,62
7106,20
7107,75
7108,45
7109,22
7110,70
7111,54
7112,89
7113,26
7114,17
7115,40
7116,88
7117,29
7118,27
7119,81
7120,60
7121,38
7122,98
7123,73
7124,66
7125,43
7126,90
7127,37
7128,85
7129,29
7130,23
7131,34
7132,78
7133,7
7134,66
7135,57
7136,30
7137,24
7138,27
7139,75
7140,95
7141,21
7142,99
7143,54
7144,92
7145,15
7146,66
7147,15
7148,96
7149,96
7150,56
7151,35
7152,42
7153,73
7154,39
7155,73
7156,20
7157,64
7158,7
7159,75
7160,23
7161,54
7162,15
7163,20
7164,41
7165,87
7166,48
7167,38
7168,88
7169,70
7170,23
7171,51
7172,49
7173,21
7174,11
7175,54
7176,68
7177,41
7178,12
7179,61
7180,6
7181,69
7182,19
7183,39
7184,62
7185,73
7186,60
7187,94
7188,15
7189,89
7190,58
7191,4
7192,23
7193,61
7194,14
7195,18
7196,87
7197,64
7198,42
7199,57
7200,45
7201,87
7202,42
7203,86
7204,35
7205,14
7206,38
7207,44
7208,78
7209,11
7210,94
7211,3
7212,89
7213,17
7214,48
7215,57
7216,15
7217,56
7218,62
7219,81
7220,18
7221,96
7222,4
7223,27
7224,70
7225,2
7226,60
7227,55
7228,42
7229,54
7230,14
7231,53
7232,44
7233,26
7234,33
7235,53
7236,40
7237,82
7238,17
7239,56
7240,42
7241,40
7242,16
7243,37
7244,52
7245,94
7246,2
7247,22
7248,74
7249,45
7250,15
7251,87
7252,35
7253,94
7254,89
7255,52
7256,15
7257,48
7258,45
7259,18
7260,46
7261,94
7262,99
7263,9
7264,76
7265,12
7266,21
7267,25
7268,90
7269,76
7270,99
7271,78
7272,73
7273,83
7274,89
7275,62
7276,5
7277,55
7278,21
7279,69
7280,87
7281,63
7282,8
7283,8
7284,7
7285,36
7286,61
7287,85
7288,13
7289,97
7290,49
7291,12
7292,12
7293,21
7294,30
7295,30
7296,15
7297,30
7298,79
7299,69
7300,62
7301,44
7302,90
7303,1
7304,84
7305,33
7306,15
7307,12
7308,9
7309,5
7310,63
7311,61
7312,36
7313,74
7314,21
7315,20
7316,6
7317,32
7318,88
7319,59
7320,89
7321,1
7322,53
7323,57
7324,17
7325,49
7326,75
7327,96
7328,22
7329,60
7330,42
7331,54
7332,15
7333,48
7334,68
7335,2
7336,86
7337,90
7338,58
7339,81
7340,54
7341,7
7342,94
7343,96
7344,75
7345,6
7346,30
7347,42
7348,85
7349,53
7350,49
7351,92
7352,28
7353,33
7354,29
7355,26
7356,39
7357,38
7358,95
7359,19
7360,24
7361,16
7362,86
7363,0
7364,34
7365,48
7366,20
7367,63
7368,49
7369,88
7370,70
7371,62
7372,69
7373,26
7374,41
7375,56
7376,47
7377,42
7378,66
7379,10
7380,8
7381,3
7382,22
7383,9
7384,87
7385,78
7386,93
7387,1
7388,43
7389,0
7390,97
7391,5
7392,45
7393,42
7394,38
7395,45
7396,49
7397,89
7398,53
7399,14
7400,78
7401,88
7402,31
7403,98
7404,86
7405,38
7406,1
7407,32
7408,95
7409,27
7410,6
7411,41
7412,22
7413,53
7414,1
7415,89
7416,13
7417,15
7418,97
7419,48
7420,74
7421,88
7422,79
7423,25
7424,96
7425,48
7426,41
7427,48
7428,52
7429,42
7430,29
7431,33
7432,96
7433,7
7434,39
7435,73
7436,84
7437,70
7438,68
7439,35
7440,46
7441,60
7442,45
7443,70
7444,36
7445,77
7446,48
7447,85
7448,53
7449,83
7450,88
7451,91
7452,69
7453,38
7454,75
7455,0
7456,86
7457,83
7458,67
7459,86
7460,12
7461,75
7462,30
7463,21
7464,82
7465,3
7466,58
7467,42
7468,56
7469,35
7470,48
7471,48
7472,68
7473,4
7474,1
7475,55
7476,98
7477,33
7478,70
7479,95
7480,94
7481,60
7482,53
7483,12
7484,7
7485,65
7486,78
7487,86
7488,17
7489,70
7490,89
7491,79
7492,10
7493,24
7494,17
7495,38
7496,13
7497,72
7498,78
7499,43
7500,6
7501,47
7502,49
7503,85
7504,54
7505,86
7506,11
7507,75
7508,89
7509,56
7510,36
7511,6
7512,54
7513,29
7514,4
7515,73
7516,22
7517,39
7518,42
7519,59
7520,89
7521,49
7522,47
7523,88
7524,81
7525,58
7526,31
7527,13
7528,38
7529,12
7530,47
7531,91
7532,99
7533,21
7534,63
7535,64
7536,95
7537,69
7538,42
7539,28
7540,62
7541,16
7542,81
7543,28
7544,0
7545,19
7546,58
7547,58
7548,67
7549,45
7550,33
7551,5
7552,15
7553,33
7554,77
7555,62
7556,43
7557,39
7558,7
7559,5
7560,82
7561,49
7562,19
7563,33
7564,59
7565,61
7566,69
7567,81
7568,7
7569,8
7570,1
7571,77
7572,45
7573,85
7574,49
7575,42
7576,82
7577,39
7578,60
7579,48
7580,48
7581,57
7582,15
7583,68
7584,0
7585,71
7586,15
7587,13
7588,24
7589,15
7590,39
7591,13
7592,5
7593,78
7594,13
7595,51
7596,49
7597,14
7598,76
7599,15
7600,36
7601,68
7602,16
7603,95
7604,95
7605,85
7606,30
7607,21
7608,20
7609,28
7610,41
7611,73
7612,16
7613,91
7614,69
7615,42
7616,78
7617,88
7618,66
7619,41
7620,5
7621,13
7622,70
7623,58
7624,87
7625,57
7626,22
7627,53
7628,42
7629,41
7630,3
7631,52
7632,76
7633,22
7634,79
7635,88
7636,98
7637,52
7638,73
7639,88
7640,42
7641,54
7642,33
7643,81
7644,52
7645,58
7646,48
7647,96
7648,88
7649,73
7650,5
7651,39
7652,34
7653,83
7654,1
7655,56
7656,87
7657,8
7658,73
7659,51
7660,41
7661,38
7662,2
7663,50
7664,14
7665,53
7666,7
7667,79
7668,42
7669,30
7670,88
7671,43
7672,24
7673,64
7674,75
7675,71
7676,89
7677,62
7678,29
7679,38
7680,0
7681,89
7682,37
7683,27
7684,75
7685,27
7686,97
7687,74
7688,71
7689,34
7690,31
7691,67
7692,10
7693,7
7694,15
7695,17
7696,2
7697,18
7698,6
7699,78
7700,75
7701,16
7702,48
7703,24
7704,87
7705,15
7706,24
7707,75
7708,62
7709,52
7710,52
7711,89
7712,42
7713,20
7714,44
7715,3
7716,35
7717,75
7718,39
7719,16
7720,6
7721,8
7722,48
7723,37
7724,77
7725,58
7726,8
7727,26
7728,29
7729,30
7730,94
7731,34
7732,28
7733,78
7734,91
7735,89
7736,48
7737,87
7738,18
7739,92
7740,33
7741,46
7742,85
7743,45
7744,64
7745,58
7746,21
7747,38
7748,5
7749,39
7750,52
7751,24
7752,51
7753,38
7754,67
7755,90
7756,42
7757,75
7758,46
7759,34
7760,81
7761,21
7762,70
7763,7
7764,44
7765,7
7766,94
7767,39
7768,28
7769,56
7770,39
7771,62
7772,24
7773,69
7774,22
7775,87
7776,95
7777,27
7778,0
7779,91
7780,70
7781,7
7782,24
7783,41
7784,18
7785,60
7786,39
7787,66
7788,84
7789,56
7790,68
7791,1
7792,74
7793,82
7794,33
7795,75
7796,38
7797,87
7798,21
7799,46
7800,41
7801,5
7802,46
7803,79
7804,4
7805,15
7806,12
7807,18
7808,60
7809,89
7810,0
7811,5
7812,22
7813,87
7814,6
7815,70
7816,26
7817,81
7818,37
7819,33
7820,73
7821,62
7822,1
7823,42
7824,63
7825,3
7826,45
7827,72
7828,42
7829,19
7830,73
7831,87
7832,45
7833,79
7834,0
7835,6
7836,99
7837,98
7838,38
7839,34
7840,62
7841,63
7842,41
7843,31
7844,84
7845,93
7846,38
7847,37
7848,42
7849,9
7850,69
7851,25
7852,94
7853,82
7854,16
7855,58
7856,78
7857,34
7858,56
7859,87
7860,18
7861,63
7862,71
7863,5
7864,78
7865,48
7866,30
7867,19
7868,52
7869,43
7870,32
7871,82
7872,27
7873,6
7874,74
7875,89
7876,54
7877,40
7878,57
7879,87
7880,66
7881,94
7882,24
7883,38
7884,34
7885,39
7886,6
7887,28
7888,16
7889,63
7890,63
7891,20
7892,94
7893,62
7894,70
7895,97
7896,49
7897,58
7898,80
7899,99
7900,33
7901,34
7902,1
7903,95
7904,48
7905,49
7906,77
7907,14
7908,56
7909,43
7910,49
7911,54
7912,84
7913,48
7914,89
7915,17
7916,20
7917,70
7918,95
7919,88
7920,73
7921,42
7922,20
7923,0
7924,15
7925,17
7926,6
7927,55
7928,89
7929,69
7930,18
7931,13
7932,98
7933,97
7934,67
7935,86
7936,8
7937,12
7938,48
7939,48
7940,52
7941,85
7942,32
7943,28
7944,60
7945,6
7946,69
7947,82
7948,15
7949,23
7950,96
7951,97
7952,15
7953,61
7954,73
7955,42
7956,31
7957,22
7958,48
7959,85
7960,57
7961,43
7962,57
7963,87
7964,10
7965,46
7966,29
7967,38
7968,62
7969,62
7970,75
7971,21
7972,1
7973,3
7974,45
7975,45
7976,96
7977,6
7978,70
7979,39
7980,54
7981,34
7982,22
7983,78
7984,54
7985,52
7986,36
7987,20
7988,15
7989,99
7990,25
7991,59
7992,94
7993,60
7994,0
7995,61
7996,58
7997,89
7998,78
7999,90
8000,91
8001,61
8002,26
8003,89
8004,9
8005,88
8006,71
8007,27
8008,38
8009,22
8010,45
8011,60
8012,20
8013,11
8014,69
8015,88
8016,69
8017,66
8018,42
8019,94
8020,93
8021,1
8022,55
8023,38
8024,88
8025,49
8026,90
8027,53
8028,94
8029,70
8030,53
8031,26
8032,42
8033,90
8034,56
8035,78
8036,81
8037,1
8038,14
8039,49
8040,35
8041,21
8042,60
8043,56
8044,85
8045,32
8046,66
8047,76
8048,30
8049,49
8050,10
8051,49
8052,39
8053,89
8054,49
8055,78
8056,82
8057,75
8058,57
8059,81
8060,37
8061,57
8062,1
8063,16
8064,96
8065,73
8066,64
8067,68
8068,70
8069,17
8070,77
8071,15
8072,54
8073,75
8074,38
8075,4
8076,38
8077,1
8078,50
8079,46
8080,89
8081,41
8082,72
8083,57
8084,78
8085,17
8086,15
8087,7
8088,13
8089,54
8090,89
8091,18
8092,53
8093,81
8094,13
8095,71
8096,31
8097,41
8098,75
8099,19
8100,71
8101,56
8102,38
8103,75
8104,79
8105,88
8106,63
8107,12
8108,81
8109,41
8110,59
8111,81
8112,14
8113,48
8114,69
8115,39
8116,20
8117,20
8118,30
8119,60
8120,87
8121,92
8122,81
8123,95
8124,30
8125,23
8126,49
8127,27
8128,38
8129,16
8130,53
8131,12
8132,98
8133,66
8134,21
8135,96
8136,56
8137,53
8138,4
8139,1
8140,34
8141,40
8142,42
8143,42
8144,44
8145,40
8146,75
8147,52
8148,83
8149,52
8150,95
8151,94
8152,26
8153,35
8154,84
8155,16
8156,86
8157,38
8158,93
8159,81
8160,12
8161,61
8162,74
8163,93
8164,85
8165,89
8166,44
8167,90
8168,24
8169,52
8170,1
8171,98
8172,17
8173,64
8174,83
8175,8
8176,88
8177,52
8178,7
8179,12
8180,62
8181,75
8182,77
8183,1
8184,17
8185,69
8186,87
8187,41
8188,47
8189,0
8190,74
8191,15
8192,46
8193,52
8194,57
8195,58
8196,53
8197,29
8198,56
8199,89
8200,3
8201,46
8202,2
8203,86
8204,71
8205,9
8206,17
8207,81
8208,81
8209,48
8210,81
8211,58
8212,62
8213,34
8214,9
8215,74
8216,97
8217,71
8218,2
8219,69
8220,57
8221,63
8222,15
8223,15
8224,29
8225,20
8226,37
8227,87
8228,21
8229,7
8230,13
8231,33
8232,64
8233,64
8234,3
8235,49
8236,42
8237,64
8238,74
8239,59
8240,91
8241,45
8242,79
8243,92
8244,36
8245,48
8246,12
8247,14
8248,8
8249,6
8250,48
8251,33
8252,88
8253,72
8254,78
8255,6
8256,50
8257,53
8258,43
8259,5
8260,14
8261,62
8262,29
8263,89
8264,27
8265,54
8266,73
8267,23
8268,49
8269,98
8270,46
8271,58
8272,0
8273,17
8274,17
8275,27
8276,99
8277,84
8278,98
8279,61
8280,42
8281,1
8282,95
8283,70
8284,27
8285,63
8286,6
8287,2
8288,41
8289,48
8290,81
8291,78
8292,16
8293,43
8294,85
8295,21
8296,55
8297,76
8298,5
8299,0
8300,0
8301,6
8302,9
8303,86
8304,44
8305,56
8306,71
8307,16
8308,6
8309,6
8310,88
8311,18
8312,16
8313,71
8314,75
8315,37
8316,41
8317,87
8318,7
8319,70
8320,48
8321,81
8322,42
8323,6
8324,14
8325,15
8326,76
8327,42
8328,64
8329,54
8330,97
8331,69
8332,9
8333,0
8334,46
8335,21
8336,30
8337,81
8338,92
8339,41
8340,81
8341,82
8342,20
8343,48
8344,86
8345,13
8346,4
8347,53
8348,16
8349,47
8350,42
8351,68
8352,21
8353,61
8354,68
8355,57
8356,41
8357,40
8358,61
8359,62
8360,57
8361,73
8362,54
8363,97
8364,12
8365,35
8366,96
8367,48
8368,68
8369,27
8370,74
8371,89
8372,77
8373,20
8374,64
8375,85
8376,4
8377,1
8378,33
8379,51
8380,56
8381,4
8382,37
8383,10
8384,72
8385,94
8386,33
8387,9
8388,69
8389,54
8390,27
8391,43
8392,77
8393,30
8394,61
8395,91
8396,98
8397,42
8398,19
8399,89
8400,91
8401,22
8402,99
8403,46
8404,3
8405,43
8406,45
8407,78
8408,7
8409,2
8410,29
8411,46
8412,48
8413,13
8414,21
8415,84
8416,53
8417,88
8418,87
8419,22
8420,68
8421,47
8422,17
8423,91
8424,75
8425,12
8426,30
8427,60
8428,56
8429,38
8430,92
8431,49
8432,20
8433,92
8434,63
8435,79
8436,14
8437,88
8438,75
8439,22
8440,16
8441,11
8442,49
8443,95
8444,24
8445,58
8446,94
8447,52
8448,86
8449,88
8450,49
8451,12
8452,38
8453,59
8454,89
8455,95
8456,3
8457,22
8458,76
8459,38
8460,31
8461,34
8462,34
8463,52
8464,24
8465,7
8466,87
8467,65
8468,99
8469,82
8470,24
8471,79
8472,4
8473,79
8474,16
8475,68
8476,76
8477,89
8478,82
8479,74
8480,6
8481,49
8482,89
8483,78
8484,29
8485,14
8486,42
8487,33
8488,5
8489,90
8490,51
8491,16
8492,70
8493,63
8494,48
8495,75
8496,35
8497,42
8498,21
8499,42
8500,89
8501,15
8502,68
8503,96
8504,39
8505,78
8506,88
8507,75
8508,40
8509,52
8510,20
8511,87
8512,97
8513,43
8514,58
8515,7
8516,31
8517,24
8518,58
8519,61
8520,1
8521,73
8522,18
8523,29
8524,75
8525,75
8526,59
8527,30
8528,96
8529,8
8530,52
8531,88
8532,86
8533,97
8534,28
8535,9
8536,24
8537,51
8538,91
8539,24
8540,21
8541,69
8542,66
8543,34
8544,19
8545,48
8546,85
8547,7
8548,31
8549,55
8550,95
8551,45
8552,14
8553,56
8554,90
8555,15
8556,8
8557,88
8558,41
8559,96
8560,77
8561,0
8562,13
8563,30
8564,0
8565,28
8566,71
8567,34
8568,37
8569,28
8570,82
8571,54
8572,33
8573,1
8574,95
8575,90
8576,81
8577,28
8578,27
8579,78
8580,88
8581,56
8582,59
8583,26
8584,14
8585,73
8586,21
8587,23
8588,87
8589,49
8590,59
8591,94
8592,48
8593,22
8594,14
8595,47
8596,77
8597,58
8598,27
8599,15
8600,73
8601,3
8602,92
8603,75
8604,59
8605,96
8606,69
8607,78
8608,78
8609,92
8610,81
8611,87
8612,27
8613,1
8614,29
8615,28
8616,70
8617,13
8618,23
8619,63
8620,56
8621,1
8622,15
8623,33
8624,62
8625,15
8626,90
8627,99
8628,57
8629,13
8630,63
8631,52
8632,48
8633,97
8634,81
8635,15
8636,12
8637,60
8638,57
8639,7
8640,0
8641,77
8642,53
8643,63
8644,42
8645,86
8646,89
8647,17
8648,98
8649,42
8650,93
8651,66
8652,97
8653,88
8654,89
8655,91
8656,17
8657,94
8658,9
8659,4
8660,73
8661,6
8662,42
8663,78
8664,97
8665,2
8666,3
8667,27
8668,87
8669,97
8670,33
8671,89
8672,71
8673,12
8674,8
8675,12
8676,92
8677,92
8678,7
8679,2
8680,52
8681,29
8682,78
8683,48
8684,7
8685,0
8686,30
8687,74
8688,77
8689,58
8690,94
8691,42
8692,6
8693,44
8694,10
8695,21
8696,90
8697,63
8698,38
8699,17
8700,12
8701,71
8702,68
8703,32
8704,73
8705,93
8706,95
8707,45
8708,27
8709,7
8710,53
8711,12
8712,66
8713,14
8714,71
8715,55
8716,33
8717,73
8718,12
8719,89
8720,41
8721,6
8722,8
8723,4
8724,72
8725,48
8726,88
8727,52
8728,55
8729,8
8730,89
8731,75
8732,58
8733,88
8734,17
8735,30
8736,95
8737,30
8738,33
8739,51
8740,96
8741,81
8742,89
8743,27
8744,15
8745,38
8746,90
8747,17
8748,56
8749,42
8750,73
8751,41
8752,61
8753,79
8754,17
8755,82
8756,48
8757,42
8758,1
8759,45
8760,52
8761,34
8762,79
8763,75
8764,92
8765,13
8766,27
8767,21
8768,48
8769,42
8770,39
8771,76
8772,78
8773,67
8774,78
8775,72
8776,96
8777,48
8778,18
8779,46
8780,17
8781,29
8782,40
8783,1
8784,56
8785,82
8786,23
8787,33
8788,6
8789,20
8790,51
8791,88
8792,74
8793,60
8794,5
8795,62
8796,1
8797,96
8798,48
8799,94
8800,73
8801,53
8802,9
8803,78
8804,45
8805,42
8806,15
8807,7
8808,89
8809,48
8810,53
8811,70
8812,85
8813,12
8814,39
8815,23
8816,79
8817,78
8818,26
8819,17
8820,39
8821,58
8822,95
8823,79
8824,41
8825,64
8826,4
8827,73
8828,82
8829,24
8830,90
8831,89
8832,62
8833,30
8834,95
8835,82
8836,48
8837,94
8838,62
8839,78
8840,38
8841,42
8842,3
8843,48
8844,62
8845,33
8846,43
8847,30
8848,4
8849,38
8850,64
8851,62
8852,86
8853,52
8854,42
8855,97
8856,47
8857,41
8858,39
8859,59
8860,86
8861,43
8862,68
8863,54
8864,6
8865,83
8866,86
8867,49
8868,8
8869,99
8870,86
8871,74
8872,87
8873,42
8874,39
8875,38
8876,91
8877,42
8878,92
8879,3
8880,6
8881,92
8882,64
8883,69
8884,17
8885,79
8886,92
8887,20
8888,64
8889,73
8890,75
8891,66
8892,28
8893,34
8894,98
8895,77
8896,49
8897,52
8898,97
8899,49
8900,75
8901,29
8902,71
8903,18
8904,16
8905,43
8906,90
8907,45
8908,71
8909,59
8910,86
8911,3
8912,43
8913,70
8914,96
8915,71
8916,30
8917,79
8918,49
8919,16
8920,37
8921,40
8922,15
8923,60
8924,93
8925,22
8926,97
8927,53
8928,81
8929,63
8930,14
8931,26
8932,74
8933,58
8934,55
8935,79
8936,94
8937,33
8938,73
8939,17
8940,38
8941,81
8942,87
8943,59
8944,94
8945,42
8946,87
8947,27
8948,33
8949,75
8950,86
8951,80
8952,53
8953,30
8954,6
8955,76
8956,42
8957,4
8958,73
8959,93
8960,33
8961,66
8962,70
8963,33
8964,94
8965,23
8966,1
8967,48
8968,6
8969,2
8970,16
8971,86
8972,63
8973,38
8974,76
8975,51
8976,48
8977,51
8978,12
8979,51
8980,23
8981,18
8982,82
8983,60
8984,92
8985,53
8986,89
8987,35
8988,17
8989,75
8990,40
8991,52
8992,73
8993,9
8994,70
8995,48
8996,33
8997,86
8998,82
8999,17
9000,84
9001,37
9002,67
9003,53
9004,57
9005,63
9006,9
9007,79
9008,75
9009,88
9010,2
9011,12
9012,95
9013,79
9014,95
9015,24
9016,24
9017,51
9018,5
9019,35
9020,26
9021,36
9022,23
9023,2
9024,30
9025,8
9026,60
9027,56
9028,34
9029,49
9030,61
9031,38
9032,7
9033,39
9034,18
9035,91
9036,98
9037,10
9038,28
9039,42
9040,33
9041,22
9042,88
9043,26
9044,28
9045,89
9046,19
9047,87
9048,60
9049,68
9050,39
9051,86
9052,13
9053,69
9054,41
9055,5
9056,28
9057,3
9058,53
9059,99
9060,46
9061,95
9062,91
9063,89
9064,85
9065,16
9066,76
9067,46
9068,58
9069,91
9070,97
9071,81
9072,33
9073,83
9074,11
9075,62
9076,99
9077,70
9078,5
9079,31
9080,58
9081,48
9082,36
9083,22
9084,13
9085,30
9086,96
9087,27
9088,90
9089,48
9090,39
9091,85
9092,38
9093,45
9094,4
9095,6
9096,22
9097,18
9098,75
9099,20
9100,1
9101,79
9102,89
9103,85
9104,30
9105,93
9106,70
9107,63
9108,1
9109,68
9110,86
9111,78
9112,53
9113,0
9114,27
9115,53
9116,12
9117,18
9118,30
9119,98
9120,53
9121,52
9122,59
9123,38
9124,27
9125,61
9126,70
9127,85
9128,58
9129,83
9130,79
9131,20
9132,16
9133,67
9134,12
9135,88
9136,5
9137,35
9138,82
9139,93
9140,56
9141,67
9142,97
9143,10
9144,19
9145,48
9146,20
9147,51
9148,66
9149,87
9150,87
9151,13
9152,79
9153,62
9154,19
9155,20
9156,78
9157,39
9158,43
9159,57
9160,52
9161,57
9162,63
9163,9
9164,4
9165,61
9166,7
9167,92
9168,41
9169,3
9170,9
9171,16
9172,95
9173,32
9174,42
9175,97
9176,61
9177,97
9178,20
9179,46
9180,27
9181,61
9182,35
9183,39
9184,26
9185,64
9186,69
9187,43
9188,21
9189,2
9190,6
9191,67
9192,86
9193,19
9194,86
9195,49
9196,42
9197,5
9198,56
9199,14
9200,52
9201,5
9202,16
9203,17
9204,89
9205,37
9206,90
9207,1
9208,49
9209,33
9210,6
9211,46
9212,8
9213,95
9214,39
9215,45
9216,69
9217,48
9218,99
9219,62
9220,75
9221,38
9222,12
9223,21
9224,1
9225,19
9226,98
9227,83
9228,0
9229,22
9230,88
9231,52
9232,75
9233,37
9234,41
9235,54
9236,94
9237,48
9238,82
9239,20
9240,47
9241,27
9242,95
9243,19
9244,21
9245,12
9246,33
9247,47
9248,3
9249,20
9250,68
9251,99
9252,75
9253,49
9254,91
9255,47
9256,58
9257,24
9258,33
9259,38
9260,93
9261,59
9262,33
9263,80
9264,33
9265,6
9266,32
9267,5
9268,49
9269,16
9270,71
9271,33
9272,70
9273,18
9274,21
9275,59
9276,70
9277,13
9278,74
9279,51
9280,79
9281,51
9282,15
9283,75
9284,12
9285,47
9286,6
9287,75
9288,83
9289,79
9290,22
9291,87
9292,48
9293,56
9294,9
9295,35
9296,12
9297,48
9298,1
9299,63
9300,18
9301,3
9302,8
9303,33
9304,8
9305,26
9306,6
9307,3
9308,99
9309,5
9310,82
9311,18
9312,36
9313,99
9314,64
9315,13
9316,87
9317,5
9318,27
9319,41
9320,77
9321,17
9322,1
9323,42
9324,4
9325,60
9326,17
9327,27
9328,18
9329,70
9330,61
9331,43
9332,2
9333,44
9334,88
9335,1
9336,92
9337,88
9338,99
9339,52
9340,41
9341,27
9342,22
9343,53
9344,37
9345,42
9346,2
9347,42
9348,58
9349,86
9350,6
9351,89
9352,42
9353,88
9354,46
9355,48
9356,71
9357,30
9358,77
9359,29
9360,49
9361,78
9362,79
9363,95
9364,70
9365,17
9366,15
9367,87
9368,5
9369,85
9370,12
9371,54
9372,59
9373,3
9374,11
9375,75
9376,41
9377,92
9378,0
9379,37
9380,92
9381,76
9382,22
9383,12
9384,47
9385,94
9386,32
9387,33
9388,66
9389,36
9390,83
9391,33
9392,62
9393,9
9394,87
9395,86
9396,81
9397,52
9398,37
9399,53
9400,52
9401,17
9402,33
9403,0
9404,81
9405,97
9406,63
9407,75
9408,79
9409,6
9410,81
9411,63
9412,21
9413,63
9414,72
9415,17
9416,47
9417,41
9418,40
9419,74
9420,75
9421,82
9422,97
9423,21
9424,29
9425,60
9426,95
9427,29
9428,56
9429,94
9430,62
9431,40
9432,68
9433,48
9434,7
9435,64
9436,13
9437,30
9438,24
9439,53
9440,5
9441,0
9442,82
9443,66
9444,41
9445,34
9446,85
9447,81
9448,94
9449,8
9450,68
9451,73
9452,42
9453,52
9454,46
9455,6
9456,54
9457,81
9458,1
9459,12
9460,5
9461,84
9462,8
9463,17
9464,86
9465,61
9466,1
9467,24
9468,3
9469,48
9470,9
9471,98
9472,22
9473,96
9474,88
9475,21
9476,98
9477,15
9478,99
9479,94
9480,61
9481,41
9482,45
9483,46
9484,17
9485,7
9486,45
9487,41
9488,58
9489,94
9490,69
9491,26
9492,55
9493,68
9494,94
9495,12
9496,87
9497,63
9498,95
9499,66
9500,73
9501,81
9502,87
9503,89
9504,49
9505,82
9506,71
9507,5
9508,54
9509,60
9510,33
9511,6
9512,57
9513,73
9514,4
9515,43
9516,36
9517,15
9518,86
9519,88
9520,27
9521,74
9522,42
9523,82
9524,87
9525,29
9526,93
9527,47
9528,87
9529,88
9530,14
9531,13
9532,49
9533,52
9534,74
9535,52
9536,30
9537,29
9538,6
9539,49
9540,92
9541,15
9542,63
9543,74
9544,16
9545,89
9546,56
9547,34
9548,87
9549,13
9550,71
9551,87
9552,88
9553,79
9554,12
9555,79
9556,81
9557,18
9558,20
9559,88
9560,48
9561,7
9562,49
9563,0
9564,21
9565,82
9566,62
9567,9
9568,75
9569,56
9570,75
9571,84
9572,73
9573,63
9574,8
9575,53
9576,49
9577,86
9578,22
9579,93
9580,99
9581,78
9582,20
9583,88
9584,24
9585,88
9586,94
9587,72
9588,0
9589,6
9590,10
9591,58
9592,61
9593,89
9594,99
9595,69
9596,10
9597,47
9598,21
9599,53
9600,91
9601,0
9602,88
9603,48
9604,14
9605,83
9606,78
9607,42
9608,43
9609,40
9610,61
9611,46
9612,96
9613,29
9614,98
9615,8
9616,1
9617,8
9618,88
9619,29
9620,2
9621,75
9622,50
9623,42
9624,56
9625,69
9626,17
9627,9
9628,4
9629,2
9630,89
9631,79
9632,49
9633,47
9634,27
9635,58
9636,5
9637,33
9638,6
9639,48
9640,86
9641,88
9642,91
9643,19
9644,44
9645,94
9646,42
9647,85
9648,8
9649,36
9650,24
9651,73
9652,42
9653,91
9654,70
9655,33
9656,2
9657,78
9658,52
9659,77
9660,38
9661,83
9662,1
9663,37
9664,12
9665,28
9666,96
9667,8
9668,68
9669,86
9670,14
9671,94
9672,84
9673,61
9674,94
9675,1
9676,22
9677,87
9678,29
9679,5
9680,17
9681,14
9682,93
9683,82
9684,72
9685,73
9686,42
9687,2
9688,73
9689,89
9690,60
9691,39
9692,70
9693,55
9694,3
9695,20
9696,21
9697,18
9698,33
9699,69
9700,52
9701,49
9702,69
9703,75
9704,99
9705,24
9706,87
9707,49
9708,90
9709,21
9710,66
9711,64
9712,10
9713,88
9714,37
9715,73
9716,19
9717,3
9718,11
9719,60
9720,86
9721,5
9722,56
9723,30
9724,69
9725,19
9726,0
9727,34
9728,48
9729,47
9730,79
9731,61
9732,5
9733,27
9734,66
9735,57
9736,71
9737,52
9738,52
9739,62
9740,15
9741,99
9742,53
9743,88
9744,99
9745,57
9746,24
9747,60
9748,34
9749,75
9750,47
9751,94
9752,66
9753,64
9754,62
9755,31
9756,62
9757,50
9758,32
9759,0
9760,69
9761,39
9762,52
9763,31
9764,17
9765,19
9766,24
9767,31
9768,3
9769,28
9770,42
9771,93
9772,10
9773,45
9774,29
9775,94
9776,57
9777,24
9778,82
9779,22
9780,26
9781,20
9782,1
9783,95
9784,98
9785,48
9786,46
9787,37
9788,54
9789,98
9790,54
9791,89
9792,38
9793,46
9794,54
9795,89
9796,48
9797,99
9798,16
9799,62
9800,69
9801,15
9802,73
9803,26
9804,89
9805,61
9806,14
9807,61
9808,35
9809,38
9810,92
9811,39
9812,30
9813,88
9814,88
9815,14
9816,21
9817,7
9818,98
9819,5
9820,9
9821,32
9822,77
9823,18
9824,73
9825,96
9826,14
9827,41
9828,61
9829,23
9830,42
9831,48
9832,38
9833,60
9834,13
9835,69
9836,98
9837,88
9838,20
9839,77
9840,10
9841,67
9842,87
9843,83
9844,55
9845,56
9846,78
9847,20
9848,70
9849,23
9850,34
9851,19
9852,57
9853,42
9854,47
9855,70
9856,30
9857,8
9858,82
9859,97
9860,87
9861,87
9862,88
9863,5
9864,41
9865,99
9866,29
9867,33
9868,87
9869,15
9870,61
9871,71
9872,8
9873,41
9874,8
9875,78
9876,21
9877,33
9878,46
9879,40
9880,16
9881,69
9882,91
9883,20
9884,24
9885,42
9886,45
9887,64
9888,24
9889,30
9890,38
9891,33
9892,71
9893,15
9894,75
9895,54
9896,86
9897,84
9898,81
9899,21
9900,34
9901,42
9902,24
9903,21
9904,77
9905,61
9906,68
9907,87
9908,39
9909,63
9910,27
9911,1
9912,82
9913,18
9914,79
9915,89
9916,33
9917,85
9918,41
9919,71
9920,56
9921,34
9922,28
9923,33
9924,17
9925,48
9926,24
9927,28
9928,39
9929,33
9930,81
9931,52
9932,30
9933,28
9934,82
9935,21
9936,22
9937,22
9938,93
9939,79
9940,0
9941,42
9942,17
9943,86
9944,59
9945,86
9946,92
9947,28
9948,22
9949,22
9950,43
9951,18
9952,94
9953,42
9954,3
9955,25
9956,30
9957,58
9958,60
9959,87
9960,62
9961,95
9962,72
9963,49
9964,26
9965,89
9966,24
9967,70
9968,90
9969,78
9970,90
9971,29
9972,57
9973,38
9974,9
9975,97
9976,11
9977,38
9978,94
9979,85
9980,90
9981,60
9982,99
9983,97
9984,2
9985,91
9986,97
9987,61
9988,70
9989,89
9990,37
9991,63
9992,16
9993,99
9994,92
9995,27
9996,4
9997,81
9998,62
9999,89
